bin,set,NP_NP,Normal_1stT,Normal_2ndT,Normal_3rdT,Normal_delivery,PreX_1stT,PreX_2ndT,PreX_3rdT,PreX_delivery,GDM_1stT,GDM_2ndT,GDM_3rdT,GDM_delivery,cHTN_1stT,cHTN_2ndT,cHTN_3rdT,cHTN_delivery
5,B-cells,0.932773109243698,0.858895705521472,0.867132867132867,0.852320675105485,0.872093023255814,0.918518518518519,0.861386138613861,0.822784810126582,0.813253012048193,0.893048128342246,0.93010752688172,0.802547770700637,0.83987915407855,0.8,0.925,0.85,0.842105263157895
13,Placenta-HIGH,0.40809968847352,0.338345864661654,0.392670157068063,0.416040100250627,0.403125,0.333333333333333,0.392156862745098,0.376811594202899,0.355329949238579,0.322368421052632,0.298412698412698,0.345724907063197,0.38747553816047,0.36,0.449438202247191,0.395833333333333,0.446428571428571
16,B-cells,0.0256410256410256,0.0555555555555556,0.0894308943089431,0.0242424242424242,0.0512820512820513,0.125984251968504,0.0305343511450382,0.0535714285714286,0.0789473684210526,0.0454545454545455,0.018348623853211,0.0559006211180124,0.093167701863354,0.0444444444444444,0.0816326530612245,0.0882352941176471,0.0983606557377049
27,T-cells,0.141868512110727,0.441176470588235,0.341614906832298,0.42798353909465,0.398148148148148,0.30622009569378,0.246666666666667,0.128865979381443,0.198412698412698,0.295,0.161157024793388,0.263888888888889,0.360902255639098,0.6,0.356164383561644,0.618181818181818,0.612903225806452
31,Placenta-HIGH,0.0967741935483871,0.0512820512820513,0.177304964539007,0.14375,0.23444976076555,0.089041095890411,0.108108108108108,0.316939890710383,0.181184668989547,0.0916030534351145,0.171232876712329,0.367647058823529,0.397058823529412,0.0851063829787234,0,0.372549019607843,0.5
50,Neutrophils,0.653846153846154,0.781818181818182,0.7,0.616666666666667,0.634615384615385,0.520547945205479,0.637931034482759,,0.658914728682171,0.4375,0.735294117647059,0.621052631578947,0.694214876033058,,,,
51,Placenta-HIGH,0.120879120879121,0.117647058823529,0.130630630630631,0.167364016736402,0.232484076433121,0.0512820512820513,0.134228187919463,0.252525252525253,0.11228813559322,0.176923076923077,0.149532710280374,0.286885245901639,0.207852193995381,0.0833333333333333,0.0697674418604651,0.196078431372549,0.121951219512195
56,B-cells,0.848101265822785,0.807692307692308,0.824561403508772,0.654135338345865,0.52755905511811,0.864406779661017,0.806122448979592,0.815533980582524,0.683417085427136,0.794117647058824,0.657142857142857,0.653465346534654,0.664383561643836,,,0.633333333333333,0.839285714285714
57,Placenta-HIGH,0.2,0.26056338028169,0.238805970149254,0.1625,0.279761904761905,0.219047619047619,0.432432432432432,0.306569343065693,0.298804780876494,0.206611570247934,0.161849710982659,0.285714285714286,0.238683127572016,0.121212121212121,0.0714285714285714,0.183333333333333,0.113636363636364
78,B-cells,0.761194029850746,0.768292682926829,0.8,0.883116883116883,0.858407079646018,0.898305084745763,0.902439024390244,0.794520547945206,0.816176470588235,0.9125,0.786666666666667,0.869565217391304,0.87719298245614,,0.875,,0.866666666666667
85,Neutrophils,0.430769230769231,0.555555555555556,0.524590163934426,0.622222222222222,0.584158415841584,0.534246575342466,0.319444444444444,0.416666666666667,0.417582417582418,,0.5,0.492957746478873,0.62280701754386,,0.457142857142857,,0.636363636363636
86,B-cells,0.908333333333333,0.823529411764706,0.900900900900901,0.85625,0.851851851851852,0.782894736842105,0.813084112149533,0.846715328467153,0.838565022421525,0.876923076923077,0.851190476190476,0.843137254901961,0.783673469387755,0.870967741935484,0.895833333333333,,
99,Placenta-HIGH,0.198473282442748,0.191304347826087,0.225352112676056,0.248062015503876,0.353846153846154,0.0416666666666667,0.140350877192982,0.393258426966292,0.176470588235294,0.32,0.283018867924528,0.429906542056075,0.305555555555556,,0.1,,0.46875
102,Placenta-HIGH,0.0660377358490566,0.0616113744075829,0.26530612244898,0.212765957446809,0.342465753424658,0.0497237569060774,0.130434782608696,0.227272727272727,0.155913978494624,0.24468085106383,0.278481012658228,0.377049180327869,0.300699300699301,0.0810810810810811,0.329545454545455,0.283018867924528,0.596774193548387
103,B-cells,0.748427672955975,0.779310344827586,0.806818181818182,0.72680412371134,0.828125,0.797619047619048,0.673913043478261,0.709677419354839,0.805825242718447,0.724409448818898,0.758793969849246,0.710059171597633,0.650887573964497,0.657894736842105,0.604651162790698,0.756756756756757,0.68421052631579
108,Placenta-HIGH,0.282051282051282,0.337016574585635,0.280254777070064,0.341346153846154,0.219424460431655,0.314285714285714,0.343195266272189,0.268456375838926,0.237704918032787,0.296774193548387,0.337301587301587,0.339366515837104,0.304582210242588,0.304878048780488,0.340909090909091,0.301369863013699,0.382352941176471
116,Placenta-HIGH,0.31294964028777,0.323863636363636,0.180722891566265,0.261627906976744,0.311392405063291,0.335,0.371859296482412,0.3,0.222222222222222,0.333333333333333,0.285714285714286,0.387755102040816,0.368580060422961,0.0909090909090909,0.395604395604396,0.192307692307692,0.377142857142857
129,Placenta-HIGH,0.068421052631579,0.0790960451977401,0.0805369127516778,0.265765765765766,0.16412213740458,0.0628019323671498,0.103030303030303,0.275862068965517,0.175925925925926,0.126984126984127,0.191235059760956,0.346938775510204,0.265651438240271,0.0123456790123457,0.0819672131147541,0.120481927710843,0.219298245614035
142,Placenta-HIGH,0.22093023255814,0.281385281385281,0.388392857142857,0.268156424581006,0.370535714285714,0.229411764705882,0.269662921348315,0.266666666666667,0.278947368421053,0.367088607594937,0.191881918819188,0.317647058823529,0.366265060240964,0.424657534246575,0.28,0.305084745762712,0.375
165,Placenta-HIGH,0.0899795501022495,0.133779264214047,0.141538461538462,0.170918367346939,0.174224343675418,0.115207373271889,0.102564102564103,0.086734693877551,0.186813186813187,0.157190635451505,0.118155619596542,0.224264705882353,0.270707070707071,0.0333333333333333,0.0303030303030303,0.172727272727273,0.208333333333333
172,B-cells,0.0245098039215686,0.0396825396825397,0.0413223140495868,0.0514018691588785,0.0205479452054795,0.0121212121212121,0.0392156862745098,0.027972027972028,0.0291666666666667,0.0225563909774436,0.062111801242236,0.0294117647058824,0.0311418685121107,0.0555555555555556,0.0606060606060606,0.0263157894736842,0.0185185185185185
175,Placenta-HIGH,0.316901408450704,0.197802197802198,0.435714285714286,0.347826086956522,0.331550802139037,0.287878787878788,0.285714285714286,0.340425531914894,0.306990881458967,0.315789473684211,0.442105263157895,0.428571428571429,0.482200647249191,,0.1,0.275,0.386363636363636
182,Placenta-HIGH,0.00359712230215827,0.0875576036866359,0.0592334494773519,0.154639175257732,0.231034482758621,0.0428134556574924,0.0440251572327044,0.267857142857143,0.138064516129032,0.0683229813664596,0.141414141414141,0.196911196911197,0.320796460176991,0.276923076923077,0.120481927710843,0.182692307692308,0.297872340425532
192,Placenta-HIGH,0.539473684210526,0.697916666666667,0.431034482758621,0.747368421052632,0.60655737704918,0.5,0.627450980392157,0.676470588235294,0.658119658119658,0.746268656716418,0.709302325581395,0.753623188405797,0.748091603053435,,,,
201,Placenta-HIGH,0.196969696969697,0.111111111111111,0.0909090909090909,0.268292682926829,0.337209302325581,0.17741935483871,0.231707317073171,0.405405405405405,0.207865168539326,0.150684931506849,0.340425531914894,0.310924369747899,0.403973509933775,,,,0.27906976744186
202,T-cells,0.00888888888888889,0.0544554455445545,0.079646017699115,0.0225988700564972,0.00840336134453782,0.0263157894736842,0.0276243093922652,0.0354609929078014,0.0206422018348624,0.143712574850299,0.036036036036036,0.0350877192982456,0.0484330484330484,0.0181818181818182,0.0263157894736842,0.0833333333333333,0.024390243902439
218,B-cells,0.478632478632479,0.397260273972603,0.655555555555556,0.666666666666667,0.504,0.613138686131387,0.523809523809524,0.640350877192982,0.472049689440994,0.646464646464647,0.568627450980392,0.586956521739131,0.595890410958904,,0.64406779661017,0.743589743589744,0.326923076923077
219,Placenta-HIGH,0.0666666666666667,0.00793650793650794,0.0432432432432432,0.131428571428571,0.287037037037037,0,0.0396039603960396,0.245508982035928,0.0668693009118541,0.031390134529148,0.0106951871657754,0.24113475177305,0.143478260869565,0.0175438596491228,0.0634920634920635,0.0294117647058824,0.323076923076923
225,Placenta-HIGH,0.137362637362637,0.113636363636364,0.178571428571429,0.34010152284264,0.221674876847291,0.131067961165049,0.25,0.195121951219512,0.246575342465753,0.15625,0.234042553191489,0.338028169014085,0.205128205128205,0.333333333333333,,0.263888888888889,0.362068965517241
235,T-cells,0.0606060606060606,0.0506329113924051,0.0210526315789474,0.0625,0.0403225806451613,0.0666666666666667,0.0833333333333333,0.027027027027027,0.0578034682080925,0,0.0309278350515464,0.0666666666666667,0.016597510373444,,0,,
242,Placenta-HIGH,0.265060240963855,0.23015873015873,0.164179104477612,0.286307053941909,0.324200913242009,0.168,0.224852071005917,0.31219512195122,0.218045112781955,0.298245614035088,0.221374045801527,0.426008968609866,0.335849056603774,0.0875,0.0666666666666667,0.146341463414634,0.406593406593407
245,Placenta-HIGH,0.385093167701863,0.309090909090909,0.407608695652174,0.326612903225806,0.293577981651376,0.441176470588235,0.480519480519481,0.414634146341463,0.402298850574713,0.347826086956522,0.388278388278388,0.383084577114428,0.385964912280702,0.141025641025641,0.32258064516129,0.465753424657534,0.51685393258427
251,Placenta-HIGH,0.364583333333333,0.3984375,0.173913043478261,0.378238341968912,0.383886255924171,0.375757575757576,0.283236994219653,0.407185628742515,0.405511811023622,0.524822695035461,0.485294117647059,0.520618556701031,0.425992779783394,0.333333333333333,0.314285714285714,0.283333333333333,0.432432432432432
275,Placenta-HIGH,0.137566137566138,0.0869565217391304,0.11965811965812,0.158620689655172,0.093167701863354,0.17948717948718,0.0459770114942529,0.159090909090909,0.10427807486631,0.139130434782609,0.127777777777778,0.2,0.136029411764706,0.2,0.0303030303030303,0.25531914893617,0.222222222222222
276,Placenta-HIGH,0.0117647058823529,0.087719298245614,0.0120481927710843,0.043859649122807,0.0521739130434783,0.018348623853211,0.0842105263157895,0.0769230769230769,0.0709219858156028,0.0491803278688525,0.032520325203252,0.1,0.0878378378378378,0,0,,
278,Placenta-HIGH,0.00740740740740741,0.0275862068965517,0,0.0575916230366492,0.0692307692307692,0.0254237288135593,0.0233918128654971,0.24822695035461,0.0216606498194946,0.123456790123457,0.146341463414634,0.0869565217391304,0.102040816326531,0,,,0.024390243902439
282,Placenta-HIGH,0.280701754385965,0.305555555555556,0.302631578947368,0.351351351351351,0.306818181818182,0.224719101123596,0.257425742574257,0.169642857142857,0.327102803738318,0.349056603773585,0.291139240506329,0.322834645669291,0.286585365853659,,0.142857142857143,0.5,0.518518518518519
283,B-cells,0.0446735395189003,0.05,0.0579710144927536,0.13671875,0.0858085808580858,0.0742574257425743,0.0666666666666667,0.129943502824859,0.0827250608272506,0.133802816901408,0.0969162995594714,0.0973782771535581,0.0668896321070234,0.025,0.0144927536231884,0.1125,0.0163934426229508
336,Placenta-HIGH,0.00450450450450451,0.0242718446601942,0.0779816513761468,0.184615384615385,0.103603603603604,0.0796812749003984,0.0638297872340426,0.0691823899371069,0.0845771144278607,0.0827586206896552,0.04,0.124161073825503,0.253588516746412,0,0.0714285714285714,0.169811320754717,
338,Placenta-HIGH,0.403703703703704,0.236994219653179,0.294117647058824,0.503401360544218,0.470967741935484,0.464,0.335260115606936,0.476510067114094,0.273775216138329,0.234234234234234,0.311320754716981,0.387596899224806,0.402912621359223,0.419354838709677,,0.515151515151515,0.553846153846154
343,Placenta-HIGH,0.109704641350211,0.229166666666667,0.232704402515723,0.411347517730496,0.265984654731458,0.15970515970516,0.153846153846154,0.315340909090909,0.193403298350825,0.252365930599369,0.28219696969697,0.327402135231317,0.291984732824428,,0.32,0.157142857142857,0.578947368421053
345,Placenta-HIGH,0.169117647058824,0.0466666666666667,0.111607142857143,0.171717171717172,0.324324324324324,0.072,0.151162790697674,0.294117647058824,0.140562248995984,0.128440366972477,0.0909090909090909,0.314285714285714,0.304477611940299,0.0714285714285714,0,0.333333333333333,0.235294117647059
355,Placenta-HIGH,0.154696132596685,0.228260869565217,0.148387096774194,0.197478991596639,0.313725490196078,0.183823529411765,0.175141242937853,0.206106870229008,0.123417721518987,0.0869565217391304,0.174107142857143,0.213793103448276,0.392712550607287,,0.0545454545454545,0.149253731343284,0.333333333333333
371,Placenta-HIGH,0.246031746031746,0.245614035087719,0.12962962962963,0.218543046357616,0.225806451612903,0.0819672131147541,0.195876288659794,0.173913043478261,0.204166666666667,0.219178082191781,0.173228346456693,0.372093023255814,0.406976744186047,,,0.294117647058824,0.27906976744186
377,Placenta-HIGH,0.190283400809717,0.207920792079208,0.151898734177215,0.201438848920863,0.266990291262136,0.214285714285714,0.225806451612903,0.209944751381215,0.130102040816327,0.22289156626506,0.290123456790123,0.27741935483871,0.235820895522388,0.0675675675675676,0.0597014925373134,0.294117647058824,0.253521126760563
399,T-cells,0.0703125,0.108949416342412,0.120967741935484,0.0422960725075529,0.0439814814814815,0.0615384615384615,0.10803324099723,0.0684039087947883,0.0461538461538462,0.0608695652173913,0.024,0.0858085808580858,0.084070796460177,0.0574712643678161,0.03125,0.0252100840336134,0.0546875
405,T-cells,0.0849056603773585,0.0309278350515464,0.0175438596491228,0.0108695652173913,0.027972027972028,0.055045871559633,0.0916666666666667,0.0288461538461538,0.0571428571428571,0.0285714285714286,0.0304878048780488,0.0306122448979592,0.0338983050847458,0.0681818181818182,0,0,0
411,B-cells,0.932038834951456,0.932692307692308,0.969072164948454,0.890052356020943,0.899328859060403,0.887755102040816,0.954954954954955,0.947916666666667,0.877358490566038,0.918604651162791,0.95,0.947368421052632,0.949720670391061,,0.837209302325582,0.966666666666667,
415,Placenta-HIGH,0.425149700598802,0.389830508474576,0.4125,0.480769230769231,0.490774907749078,0.403940886699507,0.43646408839779,0.325714285714286,0.419178082191781,0.36551724137931,0.335714285714286,0.423913043478261,0.408045977011494,0.295454545454545,0.6,0.641509433962264,0.840909090909091
419,Placenta-HIGH,0.30377358490566,0.318785578747628,0.341121495327103,0.409836065573771,0.419294990723562,0.313829787234043,0.381067961165049,0.358208955223881,0.338829348722176,0.320113314447592,0.324958123953099,0.407142857142857,0.458064516129032,0.280254777070064,0.345238095238095,0.419642857142857,0.409090909090909
425,Placenta-HIGH,0.153061224489796,0.185185185185185,0.16,0.181102362204724,0.204918032786885,0.0714285714285714,0.160493827160494,0.168831168831169,0.166666666666667,0.247422680412371,0.159420289855072,0.184873949579832,0.245283018867925,,,0.35,0.382978723404255
428,Placenta-HIGH,0.146616541353383,0.0617848970251716,0.123456790123457,0.153488372093023,0.177387914230019,0.110869565217391,0.134171907756813,0.202991452991453,0.1578125,0.102112676056338,0.215859030837004,0.190556492411467,0.201941747572816,0.048582995951417,0.0431034482758621,0.125,0.253012048192771
430,Placenta-HIGH,0.269035532994924,0.353174603174603,0.347368421052632,0.37793427230047,0.350282485875706,0.328083989501312,0.292358803986711,0.45721271393643,0.462908011869436,0.358823529411765,0.294554455445545,0.391498881431767,0.442495126705653,0.297142857142857,0.1625,0.387931034482759,0.475177304964539
434,Placenta-HIGH,0.597297297297297,0.593406593406593,0.52463768115942,0.678185745140389,0.672690763052209,0.603603603603604,0.724669603524229,0.714681440443213,0.703045685279188,0.623100303951368,0.608080808080808,0.665127020785219,0.699140401146132,0.645161290322581,0.529411764705882,0.666666666666667,0.633928571428571
435,Placenta-HIGH,0.0153061224489796,0.11038961038961,0,0.0680272108843538,0.244897959183673,0.0738636363636364,0.00709219858156028,0.0883977900552486,0.154761904761905,0.0849673202614379,0.154676258992806,0.184466019417476,0.208226221079692,0.0196078431372549,0,0.244897959183673,0.4
438,Placenta-HIGH,0.4921875,0.530434782608696,0.725,0.59748427672956,0.696132596685083,0.514285714285714,0.462585034013605,0.75,0.694214876033058,0.516483516483517,0.598290598290598,0.674033149171271,0.695876288659794,,0.513513513513514,0.79746835443038,0.634146341463415
456,B-cells,0.0876288659793814,0.072,0.122641509433962,0.085427135678392,0.0425531914893617,0.151079136690647,0.141843971631206,0.109090909090909,0.0260416666666667,0.0852713178294574,0.153333333333333,0.0860927152317881,0.0551948051948052,0.0277777777777778,0.117647058823529,0.266666666666667,0.104166666666667
457,Placenta-HIGH,0.373702422145329,0.32,0.323404255319149,0.353603603603604,0.420081967213115,0.346504559270517,0.366438356164384,0.443213296398892,0.390909090909091,0.395833333333333,0.4125,0.433774834437086,0.466183574879227,0.349056603773585,0.297297297297297,0.403409090909091,0.529411764705882
461,Placenta-HIGH,0.296928327645051,0.265116279069767,0.259259259259259,0.339950372208437,0.347972972972973,0.278008298755187,0.276595744680851,0.361538461538462,0.426666666666667,0.192893401015228,0.301754385964912,0.384937238493724,0.362660944206009,0.327868852459016,,0.333333333333333,0.382352941176471
479,T-cells,0.132978723404255,0.152866242038217,0.116788321167883,0.204379562043796,0.246913580246914,0.204379562043796,0.0818181818181818,0.1,0.181818181818182,0.0612244897959184,0.171597633136095,0.132352941176471,0.25,0.272727272727273,,,0.170212765957447
486,Placenta-HIGH,0.192192192192192,0.345454545454545,0.304347826086957,0.322946175637394,0.356194690265487,0.314814814814815,0.257731958762887,0.328451882845188,0.404921700223714,0.410138248847926,0.298165137614679,0.375,0.413669064748201,0.228571428571429,0.452830188679245,0.268041237113402,0.489130434782609
487,Placenta-HIGH,0.48122866894198,0.434615384615385,0.401098901098901,0.458181818181818,0.543175487465181,0.401785714285714,0.41747572815534,0.530909090909091,0.505016722408027,0.401162790697674,0.465753424657534,0.565543071161049,0.484240687679083,0.370967741935484,0.566666666666667,0.227272727272727,0.607476635514019
488,Placenta-HIGH,0.31140350877193,0.613065326633166,0.377952755905512,0.50259067357513,0.331103678929766,0.188775510204082,0.276041666666667,0.348039215686275,0.430379746835443,0.495495495495496,0.387665198237885,0.583783783783784,0.475095785440613,0.39622641509434,0.272727272727273,0.271186440677966,0.178571428571429
495,Placenta-HIGH,0.591463414634146,0.705400981996727,0.71072319201995,0.721417069243156,0.709867452135493,0.597785977859779,0.551829268292683,0.60676532769556,0.625239005736138,0.587570621468927,0.569420035149385,0.663811563169165,0.609053497942387,0.656716417910448,0.406593406593407,0.545454545454545,0.652439024390244
500,Placenta-HIGH,0.0729166666666667,0.118881118881119,0.136150234741784,0.157205240174673,0.183760683760684,0.159763313609467,0.154838709677419,0.158590308370044,0.405405405405405,0.215189873417722,0.201030927835052,0.181818181818182,0.228395061728395,0.115942028985507,0.168539325842697,0.322033898305085,0.568627450980392
507,Placenta-HIGH,0.0869565217391304,0.219178082191781,0.236842105263158,0.325842696629214,0.307692307692308,0.188118811881188,0.166666666666667,0.276595744680851,0.16304347826087,0.229166666666667,0.188034188034188,0.385964912280702,0.314814814814815,,,,
539,Placenta-HIGH,0.254612546125461,0.317901234567901,0.28328611898017,0.4296875,0.44559585492228,0.320422535211268,0.427385892116183,0.367424242424242,0.337614678899083,0.36734693877551,0.228571428571429,0.388349514563107,0.548926014319809,0.329545454545455,0.216216216216216,0.452380952380952,0.367521367521368
549,B-cells,0.0498220640569395,0.0689655172413793,0.0914634146341463,0.0242424242424242,0.050314465408805,0.0396825396825397,0.0520833333333333,0.013840830449827,0.0444915254237288,0.0305676855895197,0.0338983050847458,0.0198412698412698,0.0436893203883495,0.0833333333333333,0.0952380952380952,0.0612244897959184,0.0431034482758621
558,Placenta-HIGH,0.241935483870968,0.353591160220994,0.221590909090909,0.259259259259259,0.346666666666667,0.462025316455696,0.367521367521368,0.3515625,0.391003460207612,0.245098039215686,0.345679012345679,0.484276729559749,0.410958904109589,0.381578947368421,0.153846153846154,0.328358208955224,0.354166666666667
563,Placenta-HIGH,0.0904255319148936,0.087719298245614,0.0897435897435897,0.206140350877193,0.21505376344086,0.104395604395604,0.0852272727272727,0.161764705882353,0.174563591022444,0.181818181818182,0.167420814479638,0.104477611940299,0.288702928870293,,0.12280701754386,0.333333333333333,0.321428571428571
565,Placenta-HIGH,0.433962264150943,0.548387096774194,0.458333333333333,0.572347266881029,0.507042253521127,0.518918918918919,0.478632478632479,0.480662983425414,0.510810810810811,0.530434782608696,0.397435897435897,0.574712643678161,0.543032786885246,0.434782608695652,0.685714285714286,0.465116279069768,0.594059405940594
578,Placenta-HIGH,0.05,0.156424581005587,0.0714285714285714,0.220779220779221,0.271523178807947,0.0903225806451613,0.114285714285714,0.222222222222222,0.182242990654206,0.279661016949153,0.141304347826087,0.288888888888889,0.33502538071066,0.122448979591837,0.220338983050847,,0.191780821917808
593,Placenta-HIGH,0.415384615384615,0.526315789473684,0.485477178423237,0.467741935483871,0.583710407239819,0.456273764258555,0.512820512820513,0.545454545454545,0.471337579617834,0.476394849785408,0.589430894308943,0.550239234449761,0.73697270471464,,0.395348837209302,0.816666666666667,0.708955223880597
614,T-cells,0.210970464135021,0.0719424460431655,0.141935483870968,0.18348623853211,0.110344827586207,0.119718309859155,0.242424242424242,0.157894736842105,0.206997084548105,0.151785714285714,0.048,0.0952380952380952,0.154185022026432,,0.166666666666667,0.0851063829787234,0.0493827160493827
624,Placenta-HIGH,0.170212765957447,0.16,0.123376623376623,0.2109375,0.387931034482759,0.171052631578947,0.183006535947712,0.268292682926829,0.212686567164179,0.184615384615385,0.144578313253012,0.414772727272727,0.287671232876712,,0.0833333333333333,0.173913043478261,0.622641509433962
625,Placenta-HIGH,0.330749354005168,0.347305389221557,0.466367713004484,0.275280898876405,0.284023668639053,0.267441860465116,0.292792792792793,0.265402843601896,0.397205588822355,0.382198952879581,0.335,0.324137931034483,0.372693726937269,0.209302325581395,0.524193548387097,0.254545454545455,0.333333333333333
629,Placenta-HIGH,0.103351955307263,0.107734806629834,0.0847457627118644,0.147252747252747,0.141791044776119,0.128851540616246,0.0732394366197183,0.117948717948718,0.132243684992571,0.117424242424242,0.135678391959799,0.11377245508982,0.194931773879142,0.125,0.0930232558139535,0.176470588235294,0.123893805309735
635,Placenta-HIGH,0.0148148148148148,0.128342245989305,0.132258064516129,0.161616161616162,0.343220338983051,0.0535714285714286,0.110714285714286,0.344398340248963,0.166301969365427,0.161016949152542,0.233108108108108,0.261061946902655,0.31875,0.157894736842105,0.175675675675676,0.20253164556962,0.216981132075472
666,Placenta-HIGH,0.394495412844037,0.5,0.531645569620253,0.567567567567568,0.308641975308642,0.46551724137931,0.402298850574713,0.417721518987342,0.568807339449541,0.586666666666667,0.490445859872612,0.492307692307692,0.559055118110236,0.473684210526316,,0.419354838709677,
671,Placenta-HIGH,0.311827956989247,0.377952755905512,0.347133757961783,0.437869822485207,0.468013468013468,0.291666666666667,0.3575,0.398104265402844,0.284313725490196,0.344262295081967,0.412887828162291,0.557575757575758,0.468354430379747,0.464,0.465116279069768,0.349397590361446,0.534653465346535
678,Placenta-HIGH,0.397849462365591,0.415789473684211,0.345291479820628,0.438405797101449,0.692982456140351,0.421985815602837,0.399141630901288,0.476363636363636,0.450946643717728,0.308571428571429,0.498412698412698,0.486381322957198,0.553333333333333,0.52112676056338,0.37037037037037,0.426356589147287,0.510948905109489
683,B-cells,0.0317460317460317,0.0542986425339367,0.037037037037037,0.108490566037736,0.0570175438596491,0.0551181102362205,0.0526315789473684,0.0335195530726257,0.0592885375494071,0.0169491525423729,0.0481481481481482,0.0536585365853659,0.106451612903226,0.0895522388059701,0.0588235294117647,0.0759493670886076,0.253164556962025
689,B-cells,0.940639269406393,0.89051094890511,0.897637795275591,0.934673366834171,0.901734104046243,0.958677685950413,0.912568306010929,0.945736434108527,0.925414364640884,0.902654867256637,0.898550724637681,0.949044585987261,0.971061093247588,0.919354838709677,0.783783783783784,0.971428571428571,0.968253968253968
691,T-cells,0.96218487394958,0.935,0.912698412698413,0.91449814126394,0.964705882352941,0.915,0.924418604651163,0.950310559006211,0.922920892494929,0.915555555555556,0.91304347826087,0.933852140077821,0.941988950276243,0.893333333333333,0.880952380952381,0.938271604938272,0.879518072289157
695,T-cells,0.285714285714286,0.0909090909090909,0.26,0.184210526315789,0.0645161290322581,0.0714285714285714,0.0337078651685393,0.1,0.100591715976331,0.203125,0.0571428571428571,0.0454545454545455,0.139130434782609,0.117647058823529,,,0.0333333333333333
700,Placenta-HIGH,0.0348837209302326,0.0515463917525773,0.089041095890411,0.233695652173913,0.136612021857924,0.108108108108108,0.087719298245614,0.12037037037037,0.118811881188119,0.138211382113821,0.22007722007722,0.304812834224599,0.23963133640553,0.0222222222222222,0.0697674418604651,0.333333333333333,0.390625
702,Placenta-HIGH,0.0833333333333333,0.141592920353982,0.15358361774744,0.262975778546713,0.302325581395349,0.176470588235294,0.0986842105263158,0.255395683453237,0.147540983606557,0.181818181818182,0.235772357723577,0.411214953271028,0.264367816091954,0.101694915254237,0.109090909090909,0.182481751824818,0.378640776699029
713,Placenta-HIGH,0.351851851851852,,0.5,0.451612903225806,0.416666666666667,,0.19672131147541,,0.5,,0.3,,0.661764705882353,,,,
721,Placenta-HIGH,0.255605381165919,0.504761904761905,0.394160583941606,0.389671361502347,0.533980582524272,0.253846153846154,0.404255319148936,0.708860759493671,0.385826771653543,0.533333333333333,0.752747252747253,0.588652482269504,0.482213438735178,0.424242424242424,,0.133333333333333,0.311688311688312
729,Placenta-HIGH,0.227027027027027,0.283018867924528,0.260869565217391,0.317535545023697,0.263803680981595,0.266304347826087,0.204918032786885,0.210884353741497,0.217910447761194,0.194174757281553,0.241379310344828,0.265957446808511,0.411522633744856,0.34375,,0.232558139534884,0.26984126984127
730,Placenta-HIGH,0.182481751824818,0.213523131672598,0.168789808917197,0.253521126760563,0.300319488817891,0.235119047619048,0.258389261744966,0.245487364620939,0.241269841269841,0.0925925925925926,0.295977011494253,0.331168831168831,0.414814814814815,0.111111111111111,0.181818181818182,0.220588235294118,0.443298969072165
755,T-cells,0.0153061224489796,0.0372670807453416,0.0476190476190476,0.0311418685121107,0.0227272727272727,0.0179372197309417,0.0541871921182266,0.00595238095238095,0.0365535248041775,0.0110497237569061,0.0135135135135135,0.014218009478673,0.00967741935483871,0.1,0.0476190476190476,0.0847457627118644,0
762,Placenta-HIGH,0.156398104265403,0.0869565217391304,0.079136690647482,0.248554913294798,0.122137404580153,0.135135135135135,0.14,0.282758620689655,0.154727793696275,0.0944881889763779,0.147435897435897,0.243386243386243,0.242914979757085,0.0512820512820513,,,0.216216216216216
768,Placenta-HIGH,0.133640552995392,0.168,0.12,0.229411764705882,0.298342541436464,0.107344632768362,0.149425287356322,0.2,0.212996389891697,0.157232704402516,0.138755980861244,0.362573099415205,0.227722772277228,0.0363636363636364,0.230769230769231,0.209302325581395,0.290909090909091
771,Placenta-HIGH,0.0543933054393306,0.0557768924302789,0.0371621621621622,0.168141592920354,0.264331210191083,0.04375,0.117241379310345,0.152838427947598,0.0603621730382294,0.137142857142857,0.102189781021898,0.141304347826087,0.208425720620843,0.132352941176471,0.0978260869565217,0.120481927710843,0.148936170212766
774,T-cells,0.0615384615384615,0.0833333333333333,0.0746268656716418,0.0429447852760736,0.0277777777777778,0.0294117647058824,0.154639175257732,0.0689655172413793,0.0404624277456647,0.0111111111111111,0.0336134453781513,0.0583333333333333,0.00826446280991736,0,,0.0789473684210526,0.105263157894737
796,Placenta-HIGH,0.174358974358974,0.192982456140351,0.240384615384615,0.311023622047244,0.366863905325444,0.133928571428571,0.101604278074866,0.178343949044586,0.233261339092873,0.23936170212766,0.224719101123596,0.35377358490566,0.320634920634921,0.176470588235294,0.194805194805195,0.375,0.31858407079646
803,T-cells,0.0176470588235294,0,0.0392156862745098,0.0223880597014925,0.0152671755725191,0.0382513661202186,0.0526315789473684,0.0101010101010101,0.0354838709677419,0.034965034965035,0.00769230769230769,0.00769230769230769,0.00564971751412429,0.0285714285714286,0,0.0857142857142857,0.0232558139534884
815,Placenta-HIGH,0.672597864768683,0.71969696969697,0.703703703703704,0.653250773993808,0.696969696969697,0.700680272108844,0.729064039408867,0.710280373831776,0.731462925851703,0.699481865284974,0.664495114006515,0.699570815450644,0.602061855670103,0.734939759036145,0.635135135135135,0.65546218487395,0.797619047619048
816,Placenta-HIGH,0.0588235294117647,0.0543478260869565,0.0373563218390805,0.133333333333333,0.299465240641711,0.0843373493975904,0.0967741935483871,0.256410256410256,0.125636672325976,0.245033112582781,0.107569721115538,0.334821428571429,0.233766233766234,0.277777777777778,,0.406779661016949,0.488636363636364
861,Placenta-HIGH,0.0533980582524272,0.11038961038961,0.0120481927710843,0.209183673469388,0.459627329192547,0.0116279069767442,0.0721649484536082,0.166666666666667,0.132867132867133,0.195402298850575,0.152777777777778,0.386075949367089,0.356275303643725,,0,0.368421052631579,0.340425531914894
869,Placenta-HIGH,0.113636363636364,0.153374233128834,0.172185430463576,0.266666666666667,0.146341463414634,0.181102362204724,0.174496644295302,0.394366197183099,0.162454873646209,0.253731343283582,0.126582278481013,0.214953271028037,0.24,,0.261904761904762,0.184210526315789,0.181818181818182
871,T-cells,0.00651465798045603,0.0266666666666667,0.0286885245901639,0.0126582278481013,0,0.00826446280991736,0.0558375634517767,0.00602409638554217,0.0191082802547771,0,0.0404624277456647,0.00469483568075117,0.0328947368421053,0,0,0.0099009900990099,0
873,Placenta-HIGH,0.209003215434084,0.182098765432099,0.174454828660436,0.304109589041096,0.278481012658228,0.232067510548523,0.297297297297297,0.246808510638298,0.246350364963504,0.207865168539326,0.229452054794521,0.375722543352601,0.4,0.333333333333333,0.0769230769230769,0.375,0.364583333333333
880,Placenta-HIGH,0.409836065573771,0.404494382022472,0.533980582524272,0.520408163265306,0.625,0.397590361445783,0.345177664974619,0.570588235294118,0.435779816513761,0.528301886792453,0.432748538011696,0.605555555555556,0.54,0.135135135135135,0.314285714285714,0.521739130434783,0.560606060606061
908,Placenta-HIGH,0.447852760736196,0.42,0.368421052631579,0.5,0.605504587155963,0.34,0.444444444444444,0.3,0.430493273542601,0.25,0.386075949367089,0.468965517241379,0.454545454545455,0.361111111111111,0.51219512195122,0.275,0.387755102040816
910,Placenta-HIGH,0.058641975308642,0.0495049504950495,0.151006711409396,0.260377358490566,0.153354632587859,0.107142857142857,0.082089552238806,0.05625,0.0973913043478261,0.101063829787234,0.149305555555556,0.256038647342995,0.239904988123515,0.107692307692308,,0.0449438202247191,0.420560747663551
914,Placenta-HIGH,0.119341563786008,0.118181818181818,0.162280701754386,0.297560975609756,0.305970149253731,0.370558375634518,0.141242937853107,0.407692307692308,0.212218649517685,0.137142857142857,0.26271186440678,0.33879781420765,0.316326530612245,0.0909090909090909,,0.21875,0.423529411764706
941,T-cells,0.653465346534654,0.707317073170732,0.68,0.677777777777778,0.601941747572815,0.666666666666667,0.58974358974359,0.5,0.741666666666667,0.75,0.644444444444445,0.726027397260274,0.490566037735849,,,0.727272727272727,
961,Placenta-HIGH,0.294117647058824,0.306748466257669,0.362694300518135,0.308056872037915,0.432692307692308,0.302884615384615,0.242937853107345,0.506410256410256,0.359050445103858,0.367231638418079,0.327510917030568,0.391025641025641,0.40343347639485,0.280701754385965,0.566666666666667,0.5,0.434782608695652
966,Placenta-HIGH,0.678571428571429,0.557692307692308,0.66,0.650793650793651,0.666666666666667,0.545454545454545,0.823529411764706,0.616438356164384,0.672897196261682,0.6,0.535714285714286,0.549295774647887,0.73,,,,
1023,Placenta-HIGH,0.289473684210526,0.208333333333333,0.170542635658915,0.308219178082192,0.28099173553719,0.298701298701299,0.184615384615385,0.450549450549451,0.333333333333333,0.0882352941176471,0.162393162393162,0.316326530612245,0.408284023668639,0.181818181818182,,,
1029,Placenta-HIGH,0.326666666666667,0.205128205128205,0.261904761904762,0.403587443946188,0.558974358974359,0.264705882352941,0.36734693877551,0.390134529147982,0.31266846361186,0.302083333333333,0.334905660377359,0.341911764705882,0.388101983002833,0.1875,,0.428571428571429,0.191919191919192
1039,Placenta-HIGH,0.203592814371258,0.118421052631579,0.136363636363636,0.235807860262009,0.271676300578035,0.174496644295302,0.082089552238806,0.232142857142857,0.204301075268817,0.134020618556701,0.122699386503067,0.378787878787879,0.257142857142857,0.125,0.194029850746269,,0.365079365079365
1045,T-cells,0.0353535353535354,0.0595238095238095,0.0842105263157895,0.0666666666666667,0.0515463917525773,0.0282485875706215,0.0326797385620915,0.012987012987013,0.0334448160535117,0.0357142857142857,0.0112359550561798,0.075,0.0149253731343284,,,,0.0357142857142857
1054,Placenta-HIGH,0.0571428571428571,0.0575221238938053,0.113989637305699,0.25,0.192825112107623,0.0891089108910891,0.039647577092511,0.254335260115607,0.185614849187935,0.244565217391304,0.188356164383562,0.287313432835821,0.227699530516432,0.08,0.12,0.288888888888889,0.101694915254237
1058,Placenta-HIGH,0.037593984962406,0.10762331838565,0.121212121212121,0.156363636363636,0.126696832579186,0.0284552845528455,0.0473684210526316,0.217993079584775,0.129432624113475,0.0352112676056338,0.134146341463415,0.172185430463576,0.148606811145511,,0,0,0.257731958762887
1076,Neutrophils,0.855421686746988,0.783783783783784,0.84375,0.783018867924528,0.738095238095238,0.8,0.902912621359223,0.777777777777778,0.786324786324786,0.839285714285714,0.896551724137931,0.805970149253731,0.805555555555556,,,,0.916666666666667
1087,Placenta-HIGH,0.0522727272727273,0.115,0.127659574468085,0.184466019417476,0.145299145299145,0.083743842364532,0.121848739495798,0.214285714285714,0.10912343470483,0.111888111888112,0.235294117647059,0.210970464135021,0.346153846153846,0.0210526315789474,0.0593220338983051,0.323809523809524,0.173469387755102
1130,Placenta-HIGH,0.119521912350598,0.208333333333333,0.159235668789809,0.319767441860465,0.25,0.111801242236025,0.08,0.28448275862069,0.263565891472868,0.111764705882353,0.208333333333333,0.238805970149254,0.3375,0.181818181818182,0.274509803921569,0.162790697674419,0.0555555555555556
1133,Placenta-HIGH,0.0779220779220779,0.0618556701030928,0.0731707317073171,0.259259259259259,0.26027397260274,0.125,0.219047619047619,0.25,0.202797202797203,0.114754098360656,0.176470588235294,0.313953488372093,0.175572519083969,,,0.195121951219512,
1139,B-cells,0.0764705882352941,0.0487804878048781,0.0784313725490196,0.0398009950248756,0.0222222222222222,0.0425531914893617,0.108374384236453,0.0699300699300699,0.0454545454545455,0.0935251798561151,0.05,0.0657894736842105,0.0245098039215686,0.06,0.0625,0.127272727272727,0.0895522388059701
1169,Neutrophils,0.754098360655738,0.676595744680851,0.719512195121951,0.798245614035088,0.866666666666667,0.761506276150628,0.788732394366197,0.823275862068966,0.770642201834862,0.767932489451477,0.795918367346939,0.878612716763006,0.836923076923077,0.694736842105263,0.747126436781609,0.75,0.73758865248227
1171,Placenta-HIGH,0.148809523809524,0.190721649484536,0.187772925764192,0.288461538461538,0.399082568807339,0.0813397129186603,0.0517241379310345,0.38135593220339,0.172602739726027,0.284403669724771,0.293785310734463,0.484848484848485,0.459349593495935,0.19672131147541,0.0526315789473684,,0.319148936170213
1173,Placenta-HIGH,0.115079365079365,0.124324324324324,0.0217391304347826,0.0895522388059701,0.129554655870445,0.0952380952380952,0.0858585858585859,0.238636363636364,0.129476584022039,0.0277777777777778,0.17989417989418,0.204545454545455,0.127272727272727,0.0810810810810811,,0.10958904109589,0.113475177304965
1184,Placenta-HIGH,0.413265306122449,0.283783783783784,0.301639344262295,0.35042735042735,0.360730593607306,0.187845303867403,0.366071428571429,0.476377952755906,0.422535211267606,0.267123287671233,0.329501915708812,0.375838926174497,0.335243553008596,0.170454545454545,0.234042553191489,0.126582278481013,0.271028037383178
1197,Neutrophils,0.937888198757764,0.782178217821782,0.758333333333333,0.846153846153846,0.731707317073171,0.822368421052632,0.834532374100719,0.72463768115942,0.78125,0.838983050847458,0.835365853658537,0.879518072289157,0.72636815920398,0.912280701754386,0.848484848484848,,0.760869565217391
1211,Neutrophils,0.57037037037037,0.427927927927928,0.620689655172414,0.657587548638132,0.755434782608696,0.50625,0.492307692307692,0.597014925373134,0.63716814159292,0.597014925373134,0.616666666666667,0.686666666666667,0.687074829931973,0.577464788732394,0.473684210526316,0.532258064516129,0.588235294117647
1231,Placenta-HIGH,0.296296296296296,0.211640211640212,0.131578947368421,0.322463768115942,0.306930693069307,0.273291925465839,0.366666666666667,0.291079812206573,0.424307036247335,0.213114754098361,0.309433962264151,0.565934065934066,0.203661327231121,0.0925925925925926,0.0166666666666667,0.21505376344086,0.298387096774194
1260,Placenta-HIGH,0.0851926977687627,0.084375,0.0845921450151058,0.162,0.167630057803468,0.116719242902208,0.0758620689655172,0.216157205240175,0.176308539944904,0.0535714285714286,0.125265392781316,0.237704918032787,0.20327868852459,0.151260504201681,0.0227272727272727,0.0970149253731343,0.248587570621469
1268,Placenta-HIGH,0.0465116279069768,0.0169014084507042,0.08,0.157556270096463,0.0965250965250965,0.0449438202247191,0.01171875,0.247191011235955,0.077247191011236,0.078125,0.039568345323741,0.142156862745098,0.271820448877806,0.00980392156862745,0.140845070422535,0.414285714285714,0
1275,Placenta-HIGH,0.214876033057851,0.233333333333333,0.234042553191489,0.338983050847458,0.152542372881356,0.211009174311927,0.239130434782609,0.235294117647059,0.302469135802469,0.27027027027027,0.386363636363636,0.353846153846154,0.206185567010309,,,0.0882352941176471,0.290322580645161
1289,Placenta-HIGH,0.179856115107914,0.144827586206897,0.15,0.261682242990654,0.243816254416961,0.123152709359606,0.155080213903743,0.314720812182741,0.180803571428571,0.308176100628931,0.218274111675127,0.277027027027027,0.327455919395466,0.0192307692307692,,0.280701754385965,0.247311827956989
1292,Placenta-HIGH,0,0.121951219512195,0.246376811594203,0.224719101123596,0.166666666666667,0.0886075949367089,0.166666666666667,0.149253731343284,0.16,,0.119047619047619,0.214285714285714,0.222222222222222,,,0.205882352941176,
1295,Placenta-HIGH,0.118518518518519,0.108695652173913,0.114942528735632,0.181818181818182,0.283333333333333,0.0854700854700855,0.0641025641025641,0.243055555555556,0.15625,0.0964912280701754,0.0971428571428571,0.186746987951807,0.215859030837004,,0.176470588235294,0.3,0.384615384615385
1340,T-cells,0.0721649484536082,0.122448979591837,0.0847457627118644,0.0444444444444444,0.0359281437125749,0.00584795321637427,0.0840336134453782,0.0267857142857143,0.0192307692307692,0.0078740157480315,0.025974025974026,0.03125,0.0507246376811594,0.0727272727272727,0.0285714285714286,0.0606060606060606,0.02
1341,Placenta-HIGH,0.108910891089109,0.147540983606557,0.166666666666667,0.225641025641026,0.189320388349515,0.174193548387097,0.186666666666667,0.20353982300885,0.163841807909605,0.14207650273224,0.173708920187793,0.270833333333333,0.261194029850746,0.0769230769230769,0.153846153846154,0.291666666666667,0.388059701492537
1342,Placenta-HIGH,0.221674876847291,0.103626943005181,0.238493723849372,0.429054054054054,0.274932614555256,0.165829145728643,0.293478260869565,0.237623762376238,0.233455882352941,0.136363636363636,0.249283667621777,0.341818181818182,0.402272727272727,0.144329896907216,0.219178082191781,0.227272727272727,0.341772151898734
1343,Placenta-HIGH,0.0476190476190476,0.0641025641025641,0.04,0.306122448979592,0.212121212121212,0.0483870967741936,0.212121212121212,0.0634920634920635,0.0977443609022556,0.318840579710145,0.111111111111111,0.294117647058824,0.304964539007092,0.135593220338983,,,
1348,Placenta-HIGH,0.131944444444444,0.0853658536585366,0.126865671641791,0.241830065359477,0.15,0.0927835051546392,0.0441176470588235,0.181818181818182,0.155844155844156,0.206185567010309,0.164179104477612,0.148148148148148,0.183333333333333,,,0.34375,0.434782608695652
1358,Placenta-HIGH,0.204545454545455,0.179245283018868,0.142857142857143,0.214814814814815,0.317567567567568,0.280898876404494,0.13265306122449,0.3,0.211895910780669,0.212765957446809,0.336734693877551,0.3224043715847,0.302564102564103,,0.153846153846154,0.13953488372093,0.403508771929825
1359,Placenta-HIGH,0.0227272727272727,0.0336134453781513,0.0280898876404494,0.342281879194631,0.177777777777778,0.0216216216216216,0.0350877192982456,0.233918128654971,0.173431734317343,0.12,0.0982142857142857,0.396825396825397,0.343558282208589,,,0.0333333333333333,0.125
1360,Placenta-HIGH,0.8,0.714285714285714,0.666666666666667,0.707964601769912,0.703703703703704,0.67032967032967,0.68421052631579,0.626050420168067,0.708454810495627,0.63768115942029,0.630952380952381,0.692307692307692,0.638132295719844,0.636363636363636,0.622641509433962,0.65625,0.7
1381,Neutrophils,0.358974358974359,0.562043795620438,0.337704918032787,0.524096385542169,0.396341463414634,0.406417112299465,0.585585585585586,0.661016949152542,0.409090909090909,0.606666666666667,0.366666666666667,0.538071065989848,0.679012345679012,0.461538461538462,0.372881355932203,,0.480519480519481
1384,Placenta-HIGH,0.170212765957447,0.196911196911197,0.148854961832061,0.219858156028369,0.231023102310231,0.218253968253968,0.220588235294118,0.276595744680851,0.223613595706619,0.111111111111111,0.115625,0.360759493670886,0.220630372492837,0.0365853658536585,0.148148148148148,0.235294117647059,0.341772151898734
1386,Placenta-HIGH,0.232727272727273,0.238095238095238,0.177570093457944,0.249056603773585,0.428571428571429,0.178010471204188,0.185185185185185,0.203187250996016,0.254901960784314,0.276497695852535,0.283216783216783,0.444444444444444,0.371191135734072,0.2375,,0.308333333333333,0.41025641025641
1410,B-cells,0.904458598726115,0.955128205128205,0.945945945945946,0.751937984496124,0.854460093896714,0.848275862068966,0.865384615384615,0.90625,0.847517730496454,0.953488372093023,0.871345029239766,0.934579439252336,0.845132743362832,0.906976744186047,0.94,0.897435897435897,0.88135593220339
1425,Neutrophils,0.545081967213115,0.485207100591716,0.657303370786517,0.73568281938326,0.682730923694779,0.455223880597015,0.596273291925466,0.735632183908046,0.635265700483092,0.57396449704142,0.654761904761905,0.606666666666667,0.604575163398693,0.324324324324324,0.480769230769231,0.375,0.569230769230769
1436,Placenta-HIGH,0.0129032258064516,0.0142857142857143,0.12987012987013,0.0972222222222222,0.135922330097087,0.0666666666666667,0.130081300813008,0.0769230769230769,0.0960698689956332,0.0740740740740741,0.0421052631578947,0.202020202020202,0.174698795180723,,,0.116666666666667,0.10752688172043
1449,Placenta-HIGH,0.329081632653061,0.465940054495913,0.392982456140351,0.502222222222222,0.412742382271468,0.384083044982699,0.416481069042316,0.480916030534351,0.421686746987952,0.468646864686469,0.412121212121212,0.603896103896104,0.541108986615679,0.384615384615385,0.3375,0.537037037037037,0.643410852713178
1463,Placenta-HIGH,0.363636363636364,0.470588235294118,0.280898876404494,0.49390243902439,0.336099585062241,0.28021978021978,0.327380952380952,0.487394957983193,0.440677966101695,0.231884057971015,0.305825242718447,0.429864253393665,0.437037037037037,,0.378378378378378,0.384615384615385,0.490196078431373
1466,Placenta-HIGH,0.171875,0,0,0.3,0.0625,0.148148148148148,0.112676056338028,0,0.164383561643836,,0.0227272727272727,0.0563380281690141,0.0338983050847458,,,0.142857142857143,0.0606060606060606
1468,T-cells,0.203846153846154,0.133689839572193,0.147058823529412,0.0897435897435897,0.0755287009063444,0.273148148148148,0.114285714285714,0.0808080808080808,0.119047619047619,0.0561797752808989,0.169064748201439,0.107317073170732,0.11144578313253,0.23943661971831,0.203389830508475,,0.164705882352941
1470,Placenta-HIGH,0.1,0.105263157894737,0.127659574468085,0.16,,0.171428571428571,0.32258064516129,0.2,0.197674418604651,0.242424242424242,0.222222222222222,0.304347826086957,0.34,,,,
1475,Placenta-HIGH,0.294871794871795,0.225352112676056,0.272727272727273,0.285714285714286,0.351648351648352,0.411764705882353,0.333333333333333,0.405063291139241,0.292207792207792,0.395833333333333,0.256880733944954,0.235955056179775,0.360824742268041,,0.233333333333333,0.45945945945946,0.363636363636364
1476,Placenta-HIGH,0.611111111111111,0.615384615384615,0.515625,0.4,0.661016949152542,0.533333333333333,0.638297872340426,0.384615384615385,0.412371134020619,0.5,0.530612244897959,0.6,0.474358974358974,,,,
1480,T-cells,0.0497237569060774,0.0441176470588235,0.0416666666666667,0.0301724137931035,0.0470588235294118,0.054421768707483,0.0403225806451613,0.0431034482758621,0.023972602739726,0.079646017699115,0.0494505494505495,0.0318471337579618,0.029535864978903,0.0153846153846154,,0,0.0547945205479452
1491,Placenta-HIGH,0.134426229508197,0.0555555555555556,0.0440251572327044,0.175510204081633,0.15450643776824,0.0921658986175115,0.0344827586206897,0.233918128654971,0.162721893491124,0.111111111111111,0.143478260869565,0.169014084507042,0.267567567567568,0.0493827160493827,0.0212765957446809,0.0606060606060606,0.285714285714286
1492,Placenta-HIGH,0.0683760683760684,0.185840707964602,0.126506024096386,0.223300970873786,0.217687074829932,0.05,0.0714285714285714,0.310924369747899,0.141993957703928,0.115942028985507,0.231404958677686,0.186746987951807,0.216463414634146,0.127272727272727,,0.303030303030303,0.375
1493,Placenta-HIGH,0.2,0.166666666666667,0.283783783783784,0.225806451612903,0.289308176100629,0.141304347826087,0.111111111111111,0.246987951807229,0.147410358565737,0.222222222222222,0.172268907563025,0.264367816091954,0.243542435424354,,0.153846153846154,0.233333333333333,0.304347826086957
1506,Placenta-HIGH,0.196747967479675,0.269230769230769,0.293548387096774,0.345108695652174,0.521594684385382,0.273809523809524,0.327402135231317,0.43006993006993,0.343786295005807,0.491039426523298,0.402027027027027,0.47843137254902,0.454746136865342,0.285714285714286,0.363636363636364,0.389473684210526,0.471337579617834
1507,Placenta-HIGH,0.215909090909091,0.0487804878048781,0.125,0.302013422818792,0.308510638297872,0.11214953271028,0.073394495412844,0.153333333333333,0.168269230769231,0.21978021978022,0.106145251396648,0.3,0.273127753303965,,0.1,0.142857142857143,0.102564102564103
1529,Placenta-HIGH,0.00813008130081301,0.0695652173913044,0.0170940170940171,0.202380952380952,0.255813953488372,0.00709219858156028,0.0555555555555556,0.161290322580645,0.0860215053763441,0.0886075949367089,0.117117117117117,0.207920792079208,0.219512195121951,,,,0.289473684210526
1538,Placenta-HIGH,0.84331797235023,0.816666666666667,0.947540983606557,0.876760563380282,0.872294372294372,0.915824915824916,0.710204081632653,0.845697329376855,0.867292225201073,0.786008230452675,0.748387096774194,0.807881773399015,0.896774193548387,0.681818181818182,0.886363636363636,0.932432432432432,0.91304347826087
1558,Placenta-HIGH,0.115384615384615,0.169014084507042,0.105263157894737,0.189189189189189,0.219512195121951,0.0662983425414365,0.194805194805195,0.186842105263158,0.189151599443672,0.224066390041494,0.209606986899563,0.389162561576355,0.317567567567568,0.143835616438356,0.128787878787879,0.178571428571429,0.224299065420561
1568,Placenta-HIGH,0.515151515151515,0.45,0.465346534653465,0.616216216216216,0.580645161290323,0.50887573964497,0.475555555555556,0.5,0.503157894736842,0.418079096045198,0.465,0.614525139664805,0.540106951871658,0.636363636363636,0.468085106382979,0.784615384615385,0.816326530612245
1610,Placenta-HIGH,0.329581993569132,0.405660377358491,0.316666666666667,0.367567567567568,0.316455696202532,0.342364532019704,0.385567010309278,0.420924574209246,0.288032454361055,0.349740932642487,0.307898259705489,0.371196754563895,0.400537634408602,0.333333333333333,0.340136054421769,0.314893617021277,0.361233480176211
1611,Placenta-HIGH,0.278937381404175,0.293548387096774,0.221804511278196,0.314711359404097,0.230072463768116,0.296675191815857,0.314102564102564,0.309954751131222,0.274936061381074,0.338308457711443,0.313856427378965,0.448888888888889,0.329183955739972,0.161904761904762,0.356060606060606,0.236453201970443,0.183544303797468
1613,Placenta-HIGH,0.209183673469388,0.31924882629108,0.263473053892216,0.368663594470046,0.40625,0.289855072463768,0.2421875,0.401960784313726,0.331460674157303,0.272277227722772,0.341880341880342,0.455696202531646,0.463414634146342,0.222222222222222,0.28125,0.383928571428571,0.461538461538462
1637,Placenta-HIGH,0.134453781512605,0.104072398190045,0.0990990990990991,0.0740740740740741,0.208144796380091,0.078125,0.218340611353712,0.205240174672489,0.14,0.180327868852459,0.147410358565737,0.264214046822743,0.107551487414188,0.197183098591549,0.0816326530612245,0.325,0.30188679245283
1645,Neutrophils,0.738317757009346,0.723404255319149,0.885416666666667,0.80188679245283,0.879310344827586,0.827586206896552,0.571428571428571,0.695652173913044,0.781512605042017,0.782608695652174,0.809090909090909,0.775,0.766917293233083,0.894736842105263,0.806451612903226,0.645161290322581,0.794117647058824
1649,B-cells,0.0251572327044025,0.0437710437710438,0.032258064516129,0.00906344410876133,0.00471698113207547,0.0133928571428571,0.0220125786163522,0,0.0156028368794326,0.0174418604651163,0.0211864406779661,0.0172413793103448,0.0121065375302663,0,0.0224719101123596,0,0.015625
1650,Placenta-HIGH,0.0306748466257669,0.0957446808510638,0.048,0.189873417721519,0.178294573643411,0.0899470899470899,0.141666666666667,0.182608695652174,0.0516431924882629,0.113821138211382,0.05,0.288732394366197,0.190697674418605,0,0,,0.452830188679245
1660,B-cells,0.0313837375178317,0.0602409638554217,0.0433734939759036,0.0508474576271187,0.0446650124069479,0.0205949656750572,0.0347593582887701,0.0432098765432099,0.0290909090909091,0.0260115606936416,0.0199004975124378,0.00858369098712446,0.0579399141630901,0.0387596899224806,0.0416666666666667,0.0151515151515152,0.0516129032258065
1674,Neutrophils,0.776061776061776,0.590243902439024,0.587064676616915,0.55440414507772,0.619565217391304,0.503311258278146,0.39568345323741,0.703389830508475,0.624129930394432,0.537878787878788,0.663900414937759,0.579439252336449,0.614649681528662,0.423076923076923,0.666666666666667,0.576923076923077,0.40952380952381
1685,Placenta-HIGH,0.114942528735632,0.165413533834586,0.165605095541401,0.228155339805825,0.382198952879581,0.0789473684210526,0.130681818181818,0.314465408805031,0.204610951008646,0.181102362204724,0.238095238095238,0.185430463576159,0.363265306122449,0.145833333333333,0.146341463414634,0.0454545454545455,0.11340206185567
1693,Neutrophils,0.864516129032258,0.805825242718447,0.73,0.842105263157895,0.754385964912281,0.664429530201342,0.753086419753086,0.807142857142857,0.700854700854701,0.864285714285714,0.792592592592593,0.767741935483871,0.76969696969697,0.676470588235294,,0.680851063829787,0.804347826086957
1697,Placenta-HIGH,0.176470588235294,0.195876288659794,0.152173913043478,0.36405529953917,0.309782608695652,0.108108108108108,0.198529411764706,0.325581395348837,0.326315789473684,0.201754385964912,0.404907975460123,0.396648044692737,0.347305389221557,,,0.181818181818182,0.298245614035088
1701,T-cells,0.069672131147541,0.118811881188119,0.0728744939271255,0.053921568627451,0.0358974358974359,0.055045871559633,0.1,0.0263157894736842,0.0769230769230769,0.127777777777778,0.0629370629370629,0.0471698113207547,0.0431893687707641,0.0714285714285714,0.226415094339623,0.0172413793103448,0.210526315789474
1702,Placenta-HIGH,0.0223463687150838,0.0743801652892562,0.0078125,0.114285714285714,0.0956521739130435,0.100671140939597,0.0232558139534884,0.217948717948718,0.117903930131004,0.037037037037037,0.0833333333333333,0.17910447761194,0.185654008438819,0.0675675675675676,,0.316455696202532,0.148148148148148
1718,Placenta-HIGH,0.334177215189873,0.198412698412698,0.252717391304348,0.417366946778712,0.344202898550725,0.305084745762712,0.250814332247557,0.302788844621514,0.293943870014771,0.272727272727273,0.2578125,0.330677290836653,0.490358126721763,0.25,0.36144578313253,0.398230088495575,0.246376811594203
1721,Placenta-HIGH,0.217877094972067,0.2,0.216417910447761,0.225563909774436,0.260204081632653,0.1125,0.223880597014925,0.223021582733813,0.179372197309417,0.202797202797203,0.216216216216216,0.294736842105263,0.25,0.142857142857143,0.114285714285714,0.428571428571429,0.257575757575758
1751,Placenta-HIGH,0.386075949367089,0.261904761904762,0.268115942028986,0.195121951219512,0.31638418079096,0.381679389312977,0.175,0.289655172413793,0.23463687150838,0.43859649122807,0.263565891472868,0.382022471910112,0.263414634146342,0.363636363636364,,,0.423529411764706
1757,T-cells,0.0179640718562874,0.192118226600985,0.0958083832335329,0.143884892086331,0.176470588235294,0.0412371134020619,0.0634146341463415,0.0465116279069768,0.0458715596330275,0.0481927710843374,0.0315789473684211,0.133928571428571,0.0659340659340659,0.142857142857143,0.0128205128205128,,0.0833333333333333
1761,Placenta-HIGH,0.22093023255814,0.26865671641791,0.183908045977012,0.294736842105263,0.385714285714286,0.173913043478261,0.220338983050847,0.236363636363636,0.333333333333333,0.314285714285714,0.3,0.301369863013699,0.333333333333333,,,,
1778,Placenta-HIGH,0.446428571428571,0.438356164383562,0.383458646616541,0.378947368421053,0.325925925925926,0.283783783783784,0.525,0.283018867924528,0.510869565217391,0.263888888888889,0.353846153846154,0.32258064516129,0.548387096774194,,,0.342857142857143,0.416666666666667
1805,Placenta-HIGH,0.116883116883117,0.104166666666667,0.140540540540541,0.236559139784946,0.158227848101266,0.156028368794326,0.274285714285714,0.261904761904762,0.245562130177515,0.3,0.215277777777778,0.277777777777778,0.238938053097345,0.0612244897959184,0.147058823529412,0.208955223880597,0.2875
1810,T-cells,0.176211453744493,0.0947867298578199,0.075,0.0649819494584838,0.090625,0.0564102564102564,0.153846153846154,0.105454545454545,0.0590909090909091,0.0878048780487805,0.0469314079422383,0.0687830687830688,0.13030303030303,0.04,0.176470588235294,0.129032258064516,0.219298245614035
1821,Placenta-HIGH,0.0851063829787234,0.163636363636364,0.2,0.25,0.105263157894737,0.0987654320987654,0.111111111111111,0.145833333333333,0.192307692307692,0.0947368421052632,0.135416666666667,0.306451612903226,0.303191489361702,,,0.235294117647059,0.303030303030303
1825,Placenta-HIGH,0.262345679012346,0.214285714285714,0.196013289036545,0.219219219219219,0.246478873239437,0.274390243902439,0.261904761904762,0.335294117647059,0.239583333333333,0.298342541436464,0.260416666666667,0.275510204081633,0.322784810126582,0.2,0.261904761904762,0.41025641025641,0.514018691588785
1832,T-cells,0.0303030303030303,0.148760330578512,0.0564102564102564,0.0542986425339367,0.0231481481481482,0.0182926829268293,0.0610687022900763,0.0483870967741936,0.0256410256410256,0.0296296296296296,0.041025641025641,0.0239520958083832,0.040133779264214,,0.0140845070422535,0.0131578947368421,0.0425531914893617
1843,B-cells,0.877272727272727,0.905172413793103,0.816793893129771,0.906593406593407,0.760416666666667,0.783950617283951,0.840909090909091,0.861111111111111,0.911538461538461,0.807692307692308,0.947826086956522,0.928571428571429,0.835294117647059,0.878787878787879,0.935483870967742,0.833333333333333,0.934782608695652
1878,Placenta-HIGH,0.667785234899329,0.647577092511013,0.657894736842105,0.800623052959502,0.724458204334365,0.562770562770563,0.675675675675676,0.717741935483871,0.634615384615385,0.681614349775785,0.727969348659004,0.779467680608365,0.787564766839378,0.55,0.711111111111111,0.853333333333333,0.734375
1904,Placenta-HIGH,0.19205298013245,0.268292682926829,0.177215189873418,0.486486486486487,0.209302325581395,0.142857142857143,0.136363636363636,0.371794871794872,0.306451612903226,0.375,0.321678321678322,0.310810810810811,0.382513661202186,,0.0967741935483871,,
1905,Placenta-HIGH,0.0505050505050505,0.0517241379310345,0.0666666666666667,0.210382513661202,0.243553008595989,0.0548523206751055,0.105504587155963,0.314393939393939,0.121575342465753,0.116022099447514,0.120734908136483,0.308,0.198630136986301,0.0380952380952381,0.0181818181818182,0.213592233009709,0.347368421052632
1906,Placenta-HIGH,0.0725552050473186,0.142011834319527,0.099009900990099,0.223776223776224,0.212686567164179,0.14410480349345,0.0909090909090909,0.184331797235023,0.232044198895028,0.127906976744186,0.18359375,0.266666666666667,0.305031446540881,0.147540983606557,0.0793650793650794,0.392156862745098,0.0714285714285714
1910,Placenta-HIGH,0.230414746543779,0.336,0.1875,0.16,0.258992805755396,0.13013698630137,0.231638418079096,0.37037037037037,0.389423076923077,0.196850393700787,0.12707182320442,0.216783216783217,0.307291666666667,0.1875,,0.285714285714286,0.333333333333333
1927,Placenta-HIGH,0.266666666666667,0.142857142857143,0.213872832369942,0.37125748502994,0.3203125,0.131147540983607,0.142857142857143,0.440414507772021,0.249190938511327,0.410526315789474,0.258823529411765,0.316770186335404,0.3046875,,0.2,0.238095238095238,0.446153846153846
1937,T-cells,0.0388349514563107,0.0192307692307692,0.0120481927710843,0,0.0294117647058824,0.0229885057471264,0,0.194444444444444,0.0625,0.0188679245283019,0.0365853658536585,0.157142857142857,0.0933333333333333,0.0731707317073171,,,0.114285714285714
1948,T-cells,0,,0.166666666666667,0,0,0,0,,0,0,,,0,,,,
1950,Placenta-HIGH,0.134020618556701,0.214285714285714,0.26027397260274,0.273972602739726,0.266129032258065,0.10077519379845,0.163636363636364,0.291666666666667,0.223880597014925,0.369047619047619,0.310679611650485,0.255813953488372,0.38423645320197,,0.208333333333333,0.352941176470588,0.36734693877551
1958,Placenta-HIGH,0.122302158273381,0.171875,0.15,0.220183486238532,0.211221122112211,0.226851851851852,0.163366336633663,0.221674876847291,0.158469945355191,0.16078431372549,0.12012987012987,0.291079812206573,0.231920199501247,0.0769230769230769,0.04,,0.0704225352112676
1973,Placenta-HIGH,0.181818181818182,0.2625,0.204301075268817,0.294117647058824,0.330708661417323,0.264705882352941,0.284210526315789,0.269230769230769,0.385,0.3,0.25,0.285714285714286,0.482456140350877,0.304347826086957,,,0.285714285714286
1976,Placenta-HIGH,0.354330708661417,0.197802197802198,0.270731707317073,0.398773006134969,0.378453038674033,0.245524296675192,0.370535714285714,0.326975476839237,0.244695898161245,0.317241379310345,0.288888888888889,0.337110481586402,0.365356622998544,0.25,0.28169014084507,0.315789473684211,0.388888888888889
1987,B-cells,0.769607843137255,0.78391959798995,0.835051546391753,0.760942760942761,0.780952380952381,0.834123222748815,0.847533632286996,0.818181818181818,0.813829787234043,0.790697674418605,0.788927335640138,0.740157480314961,0.699052132701422,0.753424657534247,0.830188679245283,0.625,0.761363636363636
1997,Placenta-HIGH,0.139423076923077,0.10752688172043,0.125,0.286821705426357,0.388888888888889,0.137614678899083,0.235294117647059,0.25,0.222689075630252,0.182926829268293,0.122950819672131,0.380434782608696,0.176744186046512,0.1875,,0.323529411764706,0.344827586206897
2022,Placenta-HIGH,0.134078212290503,0.2,0.171428571428571,0.350210970464135,0.421985815602837,0.318385650224215,0.31413612565445,0.41501976284585,0.347328244274809,0.28494623655914,0.246636771300448,0.393939393939394,0.470941883767535,0.325581395348837,0.35,0.222222222222222,0.425373134328358
2027,B-cells,0.9,0.940397350993378,0.871345029239766,0.826530612244898,0.836477987421384,0.893939393939394,0.917355371900826,0.78169014084507,0.82716049382716,0.879518072289157,0.78030303030303,0.741935483870968,0.725961538461538,0.803921568627451,0.898305084745763,0.75,0.857142857142857
2031,B-cells,0.87710843373494,0.844290657439446,0.892405063291139,0.918918918918919,0.916967509025271,0.894160583941606,0.876404494382023,0.905594405594406,0.891207153502235,0.906976744186047,0.88150289017341,0.946360153256705,0.936117936117936,0.90625,0.923913043478261,0.942028985507246,0.86986301369863
2049,B-cells,0.946188340807175,0.948275862068965,0.939393939393939,0.963350785340314,0.94375,0.933701657458563,0.92,0.912408759124088,0.898181818181818,0.9375,0.856060606060606,0.875,0.921296296296296,0.948275862068965,0.966101694915254,,0.883333333333333
2052,Neutrophils,0.43728813559322,0.5,0.509536784741144,0.511520737327189,0.644314868804665,0.354838709677419,0.412408759124088,0.518939393939394,0.592452830188679,0.567226890756303,0.608076009501188,0.574660633484163,0.529411764705882,0.354430379746835,0.467213114754098,0.558139534883721,0.71304347826087
2054,B-cells,0.884210526315789,0.729166666666667,0.938144329896907,0.820224719101124,0.846153846153846,0.890909090909091,0.88034188034188,0.792682926829268,0.795918367346939,0.854166666666667,0.912621359223301,0.784615384615385,0.860294117647059,,,,
2055,Neutrophils,0.876190476190476,0.825112107623319,0.831775700934579,0.848684210526316,0.862804878048781,0.842424242424242,0.772727272727273,0.845588235294118,0.831111111111111,0.887179487179487,0.858974358974359,0.872727272727273,0.887323943661972,0.831325301204819,0.781818181818182,0.894736842105263,0.872549019607843
2062,Placenta-HIGH,0.117647058823529,0.296875,0.137931034482759,0.18348623853211,0.205714285714286,0.264367816091954,0.0692307692307692,0.356589147286822,0.155102040816327,0.142857142857143,0.216666666666667,0.35,0.309012875536481,,,0.157894736842105,0.443037974683544
2064,B-cells,0.85430463576159,0.936,0.984615384615385,0.916666666666667,0.827338129496403,0.924731182795699,0.904109589041096,0.854014598540146,0.935714285714286,0.950819672131147,0.901098901098901,0.819672131147541,0.796296296296296,,,0.970588235294118,0.787234042553192
2069,Placenta-HIGH,0.457943925233645,0.449438202247191,0.456953642384106,0.578616352201258,0.503703703703704,0.470588235294118,0.556291390728477,0.576923076923077,0.586065573770492,0.520547945205479,0.573248407643312,0.535714285714286,0.638190954773869,0.5,0.548387096774194,0.657142857142857,0.615384615384615
2071,Placenta-HIGH,0.118236472945892,0.143236074270557,0.209836065573771,0.27906976744186,0.203030303030303,0.0635451505016722,0.113074204946996,0.36013986013986,0.273081924577373,0.165467625899281,0.245283018867925,0.186732186732187,0.221276595744681,0.197802197802198,0.171717171717172,0.213675213675214,0.176829268292683
2082,Placenta-HIGH,0.131147540983607,0.150943396226415,0.277173913043478,0.350877192982456,0.377777777777778,0.253424657534247,0.326732673267327,0.24468085106383,0.214285714285714,0.236842105263158,0.283185840707965,0.436974789915966,0.202702702702703,,,0.233333333333333,0.59375
2088,Placenta-HIGH,0.175531914893617,0.330097087378641,0.288343558282209,0.187192118226601,0.266423357664234,0.193832599118943,0.168674698795181,0.324742268041237,0.201735357917571,0.178947368421053,0.233480176211454,0.314814814814815,0.228260869565217,0.194444444444444,0.142857142857143,0.283018867924528,0.274193548387097
2089,B-cells,0.932432432432432,0.855670103092784,0.935897435897436,0.862068965517241,0.735537190082645,0.882352941176471,0.904761904761905,0.753623188405797,0.858490566037736,0.843137254901961,0.75,0.757575757575758,0.436781609195402,,,,0.533333333333333
2108,Placenta-HIGH,0.426086956521739,0.432,0.318181818181818,0.464864864864865,0.304964539007092,0.304054054054054,0.275862068965517,0.468354430379747,0.342281879194631,0.495575221238938,0.255172413793103,0.407142857142857,0.520661157024794,,0.22,0.371428571428571,0.528301886792453
2111,Placenta-HIGH,0.122857142857143,0.0912280701754386,0.0988372093023256,0.157303370786517,0.19364161849711,0.0451388888888889,0.134751773049645,0.223728813559322,0.152057245080501,0.158730158730159,0.218978102189781,0.208333333333333,0.189583333333333,0.0543478260869565,0.254901960784314,0.213592233009709,0.241935483870968
2117,Placenta-HIGH,0.0802752293577982,0.0844155844155844,0.11441647597254,0.159036144578313,0.155963302752294,0.0875331564986738,0.14375,0.139479905437352,0.106007067137809,0.106824925816024,0.111368909512761,0.166666666666667,0.178294573643411,0.0352941176470588,0.129411764705882,0.112359550561798,0.0914634146341463
2122,Placenta-HIGH,0.0120481927710843,0.0761904761904762,0.087962962962963,0.326086956521739,0.277777777777778,0.0457142857142857,0.232954545454545,0.302702702702703,0.179566563467492,0.452173913043478,0.11734693877551,0.24390243902439,0.19831223628692,0,0.205128205128205,0.0350877192982456,0.305555555555556
2124,Placenta-HIGH,0.0743243243243243,0.108695652173913,0.0466926070038911,0.287671232876712,0.150326797385621,0.034965034965035,0.0181818181818182,0.170212765957447,0.177710843373494,0.156862745098039,0.147540983606557,0.17948717948718,0.21875,0.0625,,0.325581395348837,0.155844155844156
2125,Placenta-HIGH,0.136929460580913,0.190789473684211,0.239819004524887,0.3,0.17948717948718,0.102564102564103,0.184873949579832,0.176470588235294,0.201680672268908,0.165714285714286,0.164609053497942,0.191780821917808,0.327586206896552,0,0.0294117647058824,0.285714285714286,0.148648648648649
2126,B-cells,0.133802816901408,0.15546218487395,0.0428571428571429,0.211895910780669,0.188811188811189,0.0954907161803713,0.0354330708661417,0.102127659574468,0.145776566757493,0.115646258503401,0.145922746781116,0.245059288537549,0.139186295503212,0.12037037037037,0.130952380952381,0.126315789473684,0.164179104477612
2127,Placenta-HIGH,0.0647249190938511,0.0666666666666667,0.0292397660818713,0.0824742268041237,0.222222222222222,0.0265486725663717,0.25,0.137755102040816,0.101083032490975,0.040650406504065,0.183246073298429,0.108433734939759,0.155172413793103,0,,0.346938775510204,0.0909090909090909
2129,Placenta-HIGH,0.062015503875969,0.116129032258065,0.0684931506849315,0.128571428571429,0.146245059288538,0.111111111111111,0.0931372549019608,0.142857142857143,0.124168514412417,0.112781954887218,0.113636363636364,0.19047619047619,0.180921052631579,0.113207547169811,0.0606060606060606,0.358490566037736,0.145454545454545
2136,Placenta-HIGH,0.544554455445545,0.570469798657718,0.479166666666667,0.552941176470588,0.545,0.485380116959064,0.530434782608696,0.4,0.548042704626335,0.559055118110236,0.420731707317073,0.587719298245614,0.549618320610687,,0.39344262295082,0.617647058823529,0.672131147540984
2146,Placenta-HIGH,0.39041095890411,0.36986301369863,0.3984375,0.324561403508772,0.365384615384615,0.353448275862069,0.3,0.560975609756098,0.316239316239316,0.257575757575758,0.480314960629921,0.375,0.397959183673469,0.5,0.264705882352941,,0.390243902439024
2159,Placenta-HIGH,0.0707964601769912,0.0964912280701754,0.206611570247934,0.266666666666667,0.265734265734266,0.134146341463415,0.152542372881356,0.120689655172414,0.15948275862069,0.128712871287129,0.285714285714286,0.419047619047619,0.321428571428571,,0.0571428571428571,0.210526315789474,0.178571428571429
2162,Placenta-HIGH,0.231578947368421,0.367713004484305,0.243243243243243,0.370588235294118,0.368421052631579,0.227848101265823,0.283018867924528,0.18018018018018,0.259398496240602,0.153846153846154,0.188976377952756,0.395522388059701,0.303149606299213,,,0.258620689655172,0.32
2187,Placenta-HIGH,0.257703081232493,0.42756183745583,0.323024054982818,0.373626373626374,0.405204460966543,0.411016949152542,0.378091872791519,0.326732673267327,0.344603381014304,0.377880184331797,0.318066157760814,0.376425855513308,0.409181636726547,0.285714285714286,0.418604651162791,0.514705882352941,0.411764705882353
2192,T-cells,0.151133501259446,0.181818181818182,0.0756302521008403,0.133779264214047,0.207142857142857,0.11340206185567,0.20855614973262,0.173076923076923,0.107061503416857,0.13768115942029,0.123348017621145,0.166666666666667,0.131367292225201,0.0258620689655172,0,0.112068965517241,0.261904761904762
2193,Placenta-HIGH,0.116129032258065,0.327272727272727,0.202380952380952,0.297709923664122,0.361111111111111,0.128205128205128,0.388888888888889,0.347222222222222,0.379888268156425,0.220588235294118,0.246478873239437,0.16304347826087,0.420560747663551,,,,
2204,Placenta-HIGH,0.334183673469388,0.5,0.432506887052342,0.487577639751553,0.348993288590604,0.553191489361702,0.501501501501502,0.492260061919505,0.347701149425287,0.448,0.446261682242991,0.563694267515924,0.474870017331023,0.53781512605042,0.44954128440367,0.601398601398601,0.567307692307692
2205,Placenta-HIGH,0.330645161290323,0.188118811881188,0.223684210526316,0.513157894736842,0.429906542056075,0.434343434343434,0.328,0.323076923076923,0.416107382550336,0.462686567164179,0.335616438356164,0.45,0.448275862068966,0.228571428571429,,0.297872340425532,
2212,B-cells,0.846590909090909,0.845528455284553,0.925170068027211,0.872093023255814,0.904761904761905,0.887096774193548,0.747126436781609,0.868217054263566,0.858433734939759,0.88135593220339,0.84,0.873626373626374,0.920948616600791,0.857142857142857,0.931034482758621,0.811594202898551,0.893333333333333
2240,Placenta-HIGH,0.37593984962406,0.165137614678899,0.157407407407407,0.191304347826087,0.4,0.155339805825243,0.130952380952381,0.363636363636364,0.199134199134199,0.333333333333333,0.288,0.278846153846154,0.369318181818182,0.114285714285714,0.1875,0.166666666666667,0.274509803921569
2260,Placenta-HIGH,0.225388601036269,0.235294117647059,0.283132530120482,0.412140575079872,0.398406374501992,0.212543554006969,0.235294117647059,0.256227758007117,0.238900634249471,0.460431654676259,0.341818181818182,0.472118959107807,0.494444444444445,0.268292682926829,0.527777777777778,0.411764705882353,0.4125
2275,Placenta-HIGH,0.238532110091743,0.351145038167939,0.272058823529412,0.449152542372881,0.387755102040816,0.317307692307692,0.40495867768595,0.34375,0.284210526315789,0.289655172413793,0.263513513513514,0.496,0.297297297297297,0.351351351351351,0.230769230769231,0.4375,0.296875
2285,Placenta-HIGH,0.142857142857143,0.110294117647059,0.229508196721311,0.447368421052632,0.201342281879195,0.0227272727272727,0,0.294117647058824,0.187683284457478,0.216867469879518,0.351351351351351,0.25,0.273255813953488,0.0227272727272727,0.184210526315789,0.476190476190476,0.266666666666667
2296,T-cells,0.166666666666667,0.119318181818182,0.159362549800797,0.162629757785467,0.13953488372093,0.135593220338983,0.0909090909090909,0.129166666666667,0.10762331838565,0.171428571428571,0.18,0.0756756756756757,0.179824561403509,0.114754098360656,0.22,0.0895522388059701,0.0714285714285714
2303,Placenta-HIGH,0.0540540540540541,0.104417670682731,0.0888157894736842,0.219827586206897,0.243346007604563,0.0390625,0.0531400966183575,0.231372549019608,0.173333333333333,0,0.13135593220339,0.370242214532872,0.272965879265092,0.0222222222222222,0.0810810810810811,0.0833333333333333,0.446601941747573
2306,B-cells,0.92032967032967,0.937823834196891,0.932432432432432,0.960960960960961,0.921708185053381,0.958041958041958,0.890909090909091,0.946745562130177,0.905629139072848,0.924528301886792,0.944117647058824,0.893292682926829,0.939393939393939,0.923076923076923,0.941176470588235,0.932692307692308,0.922222222222222
2314,Placenta-HIGH,0.142857142857143,0.14975845410628,0.182857142857143,0.227272727272727,0.266666666666667,0.237804878048781,0.213483146067416,0.378531073446328,0.247474747474748,0.126865671641791,0.304166666666667,0.335135135135135,0.295580110497238,0.142857142857143,0.442622950819672,0.416666666666667,0.295454545454545
2315,Placenta-HIGH,0.114882506527415,0.1,0.0991735537190083,0.161290322580645,0.188311688311688,0.0823529411764706,0.126353790613718,0.293617021276596,0.184027777777778,0.0920245398773006,0.107491856677524,0.214611872146119,0.265593561368209,0.15,0.118421052631579,0.14,0.173076923076923
2335,Placenta-HIGH,0.351063829787234,0.352564102564103,0.25531914893617,0.224066390041494,0.337606837606838,0.380487804878049,0.270718232044199,0.28021978021978,0.315789473684211,0.294117647058824,0.354285714285714,0.364532019704434,0.356466876971609,0.55,0.526315789473684,0.313432835820896,0.353846153846154
2339,Placenta-HIGH,0.0599455040871935,0.119565217391304,0.0909090909090909,0.104651162790698,0.235827664399093,0.0872093023255814,0.047008547008547,0.247557003257329,0.16243654822335,0.126984126984127,0.141463414634146,0.16078431372549,0.183266932270916,0.232876712328767,0.118421052631579,0.254901960784314,0.160493827160494
2355,Neutrophils,0.689655172413793,0.582677165354331,0.644444444444445,0.660919540229885,0.525139664804469,0.7,0.570731707317073,0.605263157894737,0.491935483870968,0.7,0.575757575757576,0.608247422680412,0.597014925373134,0.654545454545455,,0.702127659574468,0.466666666666667
2356,B-cells,0.941176470588235,0.91,0.884297520661157,0.769662921348315,0.721428571428571,0.843575418994413,0.833333333333333,0.65,0.820083682008368,0.858585858585859,0.8,0.700636942675159,0.776371308016878,0.82089552238806,0.612903225806452,,0.686274509803922
2366,Placenta-HIGH,0.239669421487603,0.297071129707113,0.391025641025641,0.354716981132075,0.387832699619772,0.28719723183391,0.327868852459016,0.304093567251462,0.268244575936884,0.392857142857143,0.39051094890511,0.438775510204082,0.348148148148148,0.383333333333333,0.333333333333333,0.481481481481482,0.339805825242718
2377,B-cells,0,0.0227272727272727,,0.0256410256410256,0.0238095238095238,,0.0285714285714286,0,0.0266666666666667,0.0344827586206897,0.0178571428571429,,0.0396039603960396,0.0625,,,
2389,B-cells,0.830985915492958,0.886486486486487,0.897435897435897,0.844221105527638,0.819875776397516,0.836956521739131,0.89010989010989,0.87248322147651,0.86969696969697,0.910569105691057,0.84688995215311,0.861538461538462,0.868804664723032,0.761194029850746,0.839285714285714,0.877551020408163,0.972222222222222
2399,T-cells,0.0353982300884956,0.0238095238095238,0.0465116279069768,0.0224719101123596,0,0.0625,0.0571428571428571,0,0.0212765957446809,0.0576923076923077,0.0344827586206897,0.0921052631578947,0.0808080808080808,,,,0
2406,Placenta-HIGH,0.209580838323353,0.396551724137931,0.238709677419355,0.307692307692308,0.26797385620915,0.188571428571429,0.377777777777778,0.405063291139241,0.34375,0.428571428571429,0.159203980099502,0.192771084337349,0.394088669950739,0.105263157894737,0.361111111111111,0.225806451612903,0.328571428571429
2417,Placenta-HIGH,0.0476190476190476,0.0612244897959184,0.106227106227106,0.28,0.251396648044693,0.0252525252525253,0.0454545454545455,0.135416666666667,0.159183673469388,0.111675126903553,0.0886524822695036,0.278625954198473,0.369411764705882,0.19047619047619,0.363636363636364,0.157894736842105,0.294117647058824
2450,Placenta-HIGH,0.0246913580246914,0.0220588235294118,0.0431034482758621,0.168498168498169,0.151020408163265,0.0357142857142857,0.108108108108108,0.0392857142857143,0.0984251968503937,0.172248803827751,0.112280701754386,0.144654088050314,0.13,0.0666666666666667,0,0.0869565217391304,0.142857142857143
2458,Placenta-HIGH,0.336363636363636,0.323699421965318,0.566176470588235,0.459558823529412,0.343589743589744,0.338235294117647,0.377272727272727,0.424561403508772,0.367556468172485,0.541984732824428,0.340425531914894,0.551236749116608,0.521035598705502,0.576923076923077,0.440677966101695,0.514285714285714,0.527397260273973
2465,Placenta-HIGH,0.360824742268041,0.445205479452055,0.344827586206897,0.380165289256198,0.300884955752212,0.243243243243243,0.19327731092437,0.184615384615385,0.303370786516854,0.266666666666667,0.241935483870968,0.320987654320988,0.324324324324324,,,0.333333333333333,
2485,Placenta-HIGH,0.268939393939394,0.278688524590164,0.198412698412698,0.274193548387097,0.243119266055046,0.288732394366197,0.239583333333333,0.301324503311258,0.238615664845173,0.218487394957983,0.271929824561404,0.261306532663317,0.232876712328767,0.216666666666667,0.314285714285714,0.237113402061856,0.411764705882353
2489,Placenta-HIGH,0.0941422594142259,0.133333333333333,0.175287356321839,0.297229219143577,0.275204359673025,0.057649667405765,0.0744336569579288,0.267657992565056,0.257142857142857,0.247863247863248,0.164335664335664,0.251968503937008,0.223057644110276,0.208333333333333,0.463414634146342,0.283018867924528,0.157894736842105
2494,Placenta-HIGH,0.0857142857142857,0.0959752321981424,0.114705882352941,0.218068535825545,0.173584905660377,0.0660146699266504,0.105421686746988,0.222551928783383,0.203098106712565,0.110236220472441,0.190721649484536,0.261484098939929,0.251111111111111,0.0921052631578947,0.0128205128205128,0.284916201117318,0.398773006134969
2495,Placenta-HIGH,0.127551020408163,0.276422764227642,0.0966386554621849,0.195652173913043,0.284023668639053,0.115044247787611,0.132275132275132,0.290969899665552,0.19205298013245,0.159420289855072,0.17910447761194,0.581730769230769,0.402476780185759,0.171428571428571,0.108108108108108,0,0.366666666666667
2496,Placenta-HIGH,0.168316831683168,0.193965517241379,0.113445378151261,0.322295805739514,0.201413427561837,0.235521235521236,0.252873563218391,0.196666666666667,0.24914089347079,0.290697674418605,0.209439528023599,0.210826210826211,0.36078431372549,0.0612244897959184,0.166666666666667,0.358208955223881,0.253012048192771
2497,Placenta-HIGH,0.174641148325359,0.255737704918033,0.187096774193548,0.332369942196532,0.350553505535055,0.191881918819188,0.151079136690647,0.237373737373737,0.228456913827655,0.225806451612903,0.281456953642384,0.272727272727273,0.426997245179063,0.0714285714285714,0.134146341463415,0.191780821917808,0.237113402061856
2505,Placenta-HIGH,0.0384615384615385,0.00680272108843537,0.0543933054393306,0.174216027874564,0.232198142414861,0.0471380471380471,0.125541125541126,0.223728813559322,0.101933216168717,0.00581395348837209,0.172,0.175531914893617,0.304918032786885,0,0.136363636363636,,0.456521739130435
2510,T-cells,0.0175438596491228,0.0943396226415094,0.0569620253164557,0.0431654676258993,0.0123456790123457,0.129411764705882,0,0.0147058823529412,0.0184049079754601,0.0357142857142857,0.0135135135135135,0.0112359550561798,0.0239043824701195,0.0263157894736842,,,0
2529,Neutrophils,0.853881278538813,0.706293706293706,0.760180995475113,0.767857142857143,0.765,0.67027027027027,0.808219178082192,0.76,0.793604651162791,0.707482993197279,0.804,0.846153846153846,0.750750750750751,0.694444444444445,,0.910714285714286,0.734177215189873
2546,T-cells,0.0515463917525773,0.0857142857142857,0.144508670520231,0.138461538461538,0.103448275862069,0.0526315789473684,0.0510948905109489,0.0714285714285714,0.0815450643776824,0.0531914893617021,0.0717703349282297,0.0507246376811594,0.0676156583629893,0.105263157894737,,0.037037037037037,0.032258064516129
2562,Placenta-HIGH,0.0814814814814815,0.152173913043478,0.0841121495327103,0.147286821705426,0.238461538461538,0.0793650793650794,0.1,0.138888888888889,0.10952380952381,0.121621621621622,0.0778443113772455,0.264550264550265,0.281385281385281,,,0.0909090909090909,0.161290322580645
2575,Placenta-HIGH,0.0321285140562249,0.104,0.129496402877698,0.199115044247788,0.313492063492064,0.18125,0.114678899082569,0.294605809128631,0.109958506224066,0.122340425531915,0.0774410774410774,0.136518771331058,0.200680272108844,0.349206349206349,0.571428571428571,0.245614035087719,0.0405405405405405
2583,T-cells,0.0533980582524272,0.00636942675159236,0,0.0065359477124183,0.0099009900990099,0.014218009478673,0.021505376344086,0.0202020202020202,0.0118110236220472,0.0197368421052632,0.0232558139534884,0.00531914893617021,0.0307167235494881,0.0135135135135135,0.027027027027027,0.0697674418604651,0
2586,Placenta-HIGH,0.0271317829457364,0.0727272727272727,0.0578947368421053,0.140625,0.236286919831224,0.11304347826087,0.120567375886525,0.189473684210526,0.20327868852459,0.136986301369863,0.104545454545455,0.28310502283105,0.240853658536585,0.05,0.128571428571429,0.0512820512820513,0.284403669724771
2588,Placenta-HIGH,0.138461538461538,0.117021276595745,0.114093959731544,0.128654970760234,0.169491525423729,0.139072847682119,0.124087591240876,0.391608391608392,0.0930232558139535,0.0454545454545455,0.103030303030303,0.312925170068027,0.176991150442478,,0.0285714285714286,0.277777777777778,0.422535211267606
2589,B-cells,0.0602409638554217,0.0306122448979592,0.0491803278688525,0.036144578313253,0.0188679245283019,0.00806451612903226,0.0412371134020619,0.0543478260869565,0.0164835164835165,0.0305343511450382,0.0458715596330275,0.0229885057471264,0.032520325203252,0,0.0338983050847458,,0.0153846153846154
2631,Placenta-HIGH,0.127659574468085,0.18,0.114754098360656,0.181818181818182,0.0769230769230769,0.038961038961039,0.0447761194029851,0.137254901960784,0.0467289719626168,0.0204081632653061,0.0588235294117647,0.0317460317460317,0.0943396226415094,,,,
2658,Placenta-HIGH,0.178571428571429,0.30672268907563,0.141379310344828,0.391167192429022,0.367816091954023,0.21875,0.0948275862068965,0.350574712643678,0.272241992882562,0.268421052631579,0.355670103092784,0.275510204081633,0.394736842105263,0.262626262626263,,0.121951219512195,0.117021276595745
2680,Placenta-HIGH,0.339449541284404,0.24812030075188,0.330578512396694,0.365671641791045,0.422764227642276,0.241379310344828,0.297872340425532,0.295081967213115,0.305555555555556,0.372413793103448,0.348314606741573,0.376623376623377,0.4,,,,0.304878048780488
2692,Placenta-HIGH,0.0540540540540541,0.0797872340425532,0.139751552795031,0.203883495145631,0.151029748283753,0.0996168582375479,0.110429447852761,0.157706093189964,0.166666666666667,0.11734693877551,0.159663865546218,0.285234899328859,0.196864111498258,0.225806451612903,0.454545454545455,0.278846153846154,0.186915887850467
2702,Neutrophils,0.64,0.605504587155963,0.729411764705882,0.677777777777778,0.718446601941748,0.45360824742268,0.59375,0.7125,0.709090909090909,0.625,0.8,0.726495726495727,0.788079470198676,,,,0.863636363636364
2707,Placenta-HIGH,0.391534391534392,0.409090909090909,0.441176470588235,0.47,0.467625899280576,0.377952755905512,0.388888888888889,0.411764705882353,0.419354838709677,0.325,0.346153846153846,0.458015267175573,0.461956521739131,0.5,0.355555555555556,0.32258064516129,0.514285714285714
2730,Placenta-HIGH,0.0900473933649289,0.166666666666667,0.113207547169811,0.132450331125828,0.152542372881356,0.155038759689923,0.1875,0.133928571428571,0.16015625,0.0782608695652174,0.178947368421053,0.193333333333333,0.240437158469945,,0.162162162162162,0.384615384615385,
2764,B-cells,0.908108108108108,0.858108108108108,0.888268156424581,0.887218045112782,0.863874345549738,0.919047619047619,0.893023255813954,0.852941176470588,0.871148459383754,0.868613138686131,0.926701570680628,0.809248554913295,0.833333333333333,0.775862068965517,0.8125,0.873563218390805,0.8
2791,Neutrophils,0.717277486910995,0.689119170984456,0.742990654205608,0.878947368421053,0.72093023255814,0.536082474226804,0.697247706422018,0.741721854304636,0.711934156378601,0.776699029126214,0.797520661157025,0.761627906976744,0.74922600619195,0.794871794871795,0.777777777777778,0.75609756097561,0.703703703703704
2805,Neutrophils,0.692307692307692,0.75,0.770833333333333,0.73469387755102,0.666666666666667,0.596153846153846,0.727272727272727,0.9375,0.646341463414634,0.741379310344828,0.640350877192982,0.796610169491525,0.683333333333333,,,,0.795918367346939
2808,Neutrophils,0.5,0.571428571428571,0.55440414507772,0.492537313432836,0.520491803278689,0.351515151515152,0.445378151260504,0.505494505494506,0.410919540229885,0.463855421686747,0.517587939698493,0.59493670886076,0.550239234449761,,0.568181818181818,0.525641025641026,0.5375
2809,B-cells,0.895161290322581,0.908396946564885,0.895652173913044,0.886363636363636,0.880952380952381,0.838383838383838,0.851485148514852,0.911111111111111,0.926829268292683,0.741935483870968,0.909677419354839,0.907692307692308,0.913907284768212,,,0.783333333333333,0.833333333333333
2825,Placenta-HIGH,0.52760736196319,0.484375,0.580645161290323,0.595959595959596,0.568181818181818,0.355769230769231,0.515384615384615,0.5,0.367952522255193,0.449152542372881,0.437086092715232,0.588235294117647,0.610966057441253,0.364705882352941,0.242424242424242,0.431818181818182,0.802325581395349
2829,B-cells,0.95,0.938775510204082,0.953333333333333,0.931818181818182,0.886075949367089,0.968085106382979,0.91304347826087,0.945205479452055,0.900343642611684,0.926829268292683,0.917582417582418,0.885416666666667,0.941489361702128,0.967741935483871,0.948275862068965,0.95,0.920634920634921
2836,B-cells,0.685714285714286,0.763157894736842,0.935483870967742,0.844827586206897,0.916666666666667,0.803921568627451,0.735294117647059,0.75,0.873239436619718,0.836734693877551,0.759036144578313,0.722222222222222,0.779220779220779,,,,
2846,Placenta-HIGH,0.0416666666666667,0.0795454545454545,0.079295154185022,0.241803278688525,0.26984126984127,0.0945273631840796,0.126696832579186,0.127450980392157,0.131782945736434,0.189189189189189,0.0868347338935574,0.443298969072165,0.268361581920904,0.0561797752808989,,0.170731707317073,0.25
2867,Placenta-HIGH,0.0666666666666667,0.09,0.121794871794872,0.305825242718447,0.268965517241379,0.0604026845637584,0.0379746835443038,0.22093023255814,0.212121212121212,0.152173913043478,0.26271186440678,0.263636363636364,0.264044943820225,0,,,0.319148936170213
2901,Placenta-HIGH,0.540983606557377,0.514619883040936,0.432432432432432,0.601449275362319,0.548387096774194,0.490322580645161,0.566037735849057,0.57037037037037,0.616822429906542,0.584070796460177,0.464788732394366,0.578125,0.544303797468355,,0.4,,0.785714285714286
2912,Placenta-HIGH,0.431034482758621,0.432432432432432,0.323651452282158,0.49618320610687,0.428969359331476,0.40655737704918,0.46474358974359,0.467289719626168,0.443609022556391,0.456066945606695,0.411575562700965,0.625,0.531827515400411,0.32,0.477272727272727,0.391304347826087,0.63855421686747
2923,T-cells,0.14018691588785,0.196428571428571,0.0869565217391304,0.324503311258278,0.239130434782609,0.0476190476190476,0.0720720720720721,0.215686274509804,0.130232558139535,0.137931034482759,0.0984848484848485,0.25748502994012,0.378048780487805,,0.0277777777777778,0.313725490196078,0.533333333333333
2926,Placenta-HIGH,0.212244897959184,0.16030534351145,0.188,0.311926605504587,0.36734693877551,0.191176470588235,0.282608695652174,0.363207547169811,0.275862068965517,0.212328767123288,0.224409448818898,0.394285714285714,0.29957805907173,0.247422680412371,0.155172413793103,0.403508771929825,0.2
2936,T-cells,0.0398009950248756,0.0397350993377483,0.0555555555555556,0.0816326530612245,0.072463768115942,0.0193236714975845,0.00806451612903226,0.036036036036036,0.0212765957446809,0.04,0.0454545454545455,0.0308641975308642,0.0355731225296443,0.152173913043478,,0.0232558139534884,0.232558139534884
2985,Placenta-HIGH,0.644295302013423,0.583333333333333,0.674757281553398,0.688963210702341,0.71864406779661,0.631970260223048,0.607142857142857,0.634782608695652,0.686375321336761,0.668965517241379,0.555932203389831,0.611111111111111,0.641975308641975,0.413793103448276,0.517857142857143,0.533333333333333,0.614457831325301
2989,Placenta-HIGH,0.488235294117647,0.467391304347826,0.503311258278146,0.610738255033557,0.581699346405229,0.570469798657718,0.529411764705882,0.540740740740741,0.459090909090909,0.373626373626374,0.441379310344828,0.647058823529412,0.583333333333333,,0.529411764705882,0.441176470588235,0.526315789473684
2992,T-cells,0.0050761421319797,0.027027027027027,0.0765027322404372,0.0123456790123457,0.005,0.0333333333333333,0.0310077519379845,0.0588235294117647,0.0147492625368732,,0.0212765957446809,0.0136054421768707,0.00492610837438424,0,0,0.0217391304347826,0
3004,Neutrophils,0.776497695852535,0.782816229116945,0.768637532133676,0.86117136659436,0.802752293577982,0.821727019498607,0.793814432989691,0.756544502617801,0.778532608695652,0.8,0.858565737051793,0.886617100371747,0.780660377358491,0.778571428571429,0.75625,0.865546218487395,0.837837837837838
3028,Placenta-HIGH,0.255882352941176,0.185770750988142,0.214285714285714,0.25,0.24390243902439,0.185483870967742,0.157894736842105,0.32,0.325744308231173,0.266233766233766,0.221238938053097,0.336283185840708,0.244956772334294,0.5,0.0377358490566038,0.282608695652174,0.136363636363636
3037,Placenta-HIGH,0.326530612244898,0.442307692307692,0.313513513513514,0.376884422110553,0.443850267379679,0.30379746835443,0.375,0.356589147286822,0.317073170731707,0.254545454545455,0.263565891472868,0.474358974358974,0.47037037037037,0,0.239130434782609,0.393939393939394,0.356164383561644
3069,Placenta-HIGH,0.188888888888889,0.129032258064516,0.113636363636364,0.12972972972973,0.28125,0.204724409448819,0.144927536231884,0.194174757281553,0.177339901477833,0.21875,0.351851851851852,0.280821917808219,0.271653543307087,0.34375,,0,0.142857142857143
3072,Placenta-HIGH,0.126984126984127,0.112903225806452,0.203296703296703,0.276073619631902,0.323809523809524,0.168421052631579,0.147239263803681,0.307228915662651,0.173469387755102,0.159509202453988,0.125,0.446969696969697,0.299559471365639,0.0625,0.1,,0.414285714285714
3074,Placenta-HIGH,0.10738255033557,0.099009900990099,0.101123595505618,0.213793103448276,0.237762237762238,0.147286821705426,0.139705882352941,0.275510204081633,0.224489795918367,0.130434782608696,0.087248322147651,0.229357798165138,0.267543859649123,0.0833333333333333,0.220588235294118,0.136363636363636,0.115384615384615
3098,T-cells,0.0396039603960396,0.055,0.0549019607843137,0.0352422907488987,0.0735785953177258,0.0287081339712919,0.0571428571428571,0.0376569037656904,0.0385356454720617,0.0357142857142857,0.0592885375494071,0.0378378378378378,0.0411392405063291,0.102564102564103,0.012987012987013,0.133333333333333,0.0121951219512195
3106,Placenta-HIGH,0.172413793103448,0.174603174603175,0.103896103896104,0.197969543147208,0.26797385620915,0.150442477876106,0.276729559748428,0.240740740740741,0.254437869822485,0.21551724137931,0.184210526315789,0.283464566929134,0.202614379084967,0.155555555555556,0.0540540540540541,0.0731707317073171,0.241379310344828
3115,Placenta-HIGH,0.197368421052632,0.0932203389830508,0.190184049079755,0.185,0.174863387978142,0.104895104895105,0.165413533834586,0.236559139784946,0.137339055793991,0.207317073170732,0.226086956521739,0.215384615384615,0.253012048192771,0.0294117647058824,0.114285714285714,0.142857142857143,0.204545454545455
3141,T-cells,0.0769230769230769,0.0428571428571429,0.0406976744186047,0.0285714285714286,0.0365853658536585,0.107438016528926,0.119047619047619,0.0869565217391304,0.107142857142857,0,0.0384615384615385,0.0108695652173913,0.0177514792899408,,,,0
3142,T-cells,0.0412371134020619,0.0425531914893617,0.0490196078431373,0.0843373493975904,0.0958904109589041,0.135135135135135,0.0266666666666667,0.0298507462686567,0.0792079207920792,0.0612244897959184,0.113636363636364,0.0526315789473684,0.083969465648855,,,,
3177,Placenta-HIGH,0.0307692307692308,0.0185185185185185,0.0740740740740741,0.192982456140351,0.120481927710843,0.0863309352517986,0.00684931506849315,0.181034482758621,0.0974729241877256,0.15625,0.0932203389830508,0.166666666666667,0.297709923664122,,0.0526315789473684,0.314285714285714,0.476190476190476
3178,Placenta-HIGH,0.0801526717557252,0.0588235294117647,0.0647058823529412,0.290780141843972,0.223076923076923,0.0625,0.12,0.121212121212121,0.0497076023391813,0.0990990990990991,0.0689655172413793,0.257309941520468,0.284615384615385,0.0416666666666667,,,0.448979591836735
3184,Placenta-HIGH,0.176470588235294,0.169014084507042,0.192708333333333,0.291866028708134,0.387096774193548,0.211111111111111,0.158333333333333,0.318471337579618,0.289855072463768,0.157407407407407,0.157894736842105,0.4125,0.303834808259587,0.164179104477612,0.204545454545455,0.245283018867925,0.5
3189,Placenta-HIGH,0.455172413793104,0.425149700598802,0.358565737051793,0.358744394618834,0.381526104417671,0.45933014354067,0.283582089552239,0.336585365853659,0.337620578778135,0.275,0.354066985645933,0.487951807228916,0.461538461538462,0.434782608695652,0.333333333333333,0.527027027027027,0.46031746031746
3198,Neutrophils,0.741176470588235,0.617283950617284,0.707964601769912,0.834710743801653,0.735576923076923,0.775510204081633,0.560606060606061,0.72020725388601,0.681647940074906,0.691275167785235,0.802030456852792,0.781420765027322,0.804081632653061,0.770833333333333,0.857142857142857,0.671875,0.729166666666667
3218,Placenta-HIGH,0.169082125603865,0.166666666666667,0.0629370629370629,0.234817813765182,0.242553191489362,0.106280193236715,0.123655913978495,0.341614906832298,0.183132530120482,0.162790697674419,0.205882352941176,0.213114754098361,0.366492146596859,0,0.111111111111111,0.0454545454545455,0.461538461538462
3225,Placenta-HIGH,0.130434782608696,0.195652173913043,0.177083333333333,0.16030534351145,0.336363636363636,0.102941176470588,0.0568181818181818,0.275,0.318181818181818,0.20952380952381,0.114942528735632,0.313725490196078,0.165354330708661,,0.193548387096774,0.25,0.521739130434783
3226,Neutrophils,0.72258064516129,0.547169811320755,0.649006622516556,0.677725118483412,0.773519163763066,0.716981132075472,0.693989071038251,0.783216783216783,0.787575150300601,0.765822784810127,0.714285714285714,0.798969072164949,0.831325301204819,0.676470588235294,0.806451612903226,0.61,0.65979381443299
3228,Placenta-HIGH,0.133802816901408,0.0769230769230769,0.0683760683760684,0.257668711656442,0.267857142857143,0.056,0.12781954887218,0.15702479338843,0.203856749311295,0.211111111111111,0.226315789473684,0.4,0.266666666666667,0.0816326530612245,,0.12,0.113207547169811
3234,Placenta-HIGH,0.142857142857143,0.346153846153846,0.338983050847458,0.360655737704918,0.282258064516129,0.138297872340426,0.422222222222222,0.301075268817204,0.221556886227545,0.351063829787234,0.288135593220339,0.329411764705882,0.412213740458015,,,0.371428571428571,0.151515151515152
3245,T-cells,0.111111111111111,0.0916666666666667,0.0962566844919786,0.0632183908045977,0.0660377358490566,0.0671641791044776,0.0662983425414365,0.0597014925373134,0.106299212598425,0.0461538461538462,0.0266666666666667,0.0208333333333333,0.0481927710843374,0.0178571428571429,,0.0178571428571429,
3248,Placenta-HIGH,0.114893617021277,0.0548523206751055,0.0747126436781609,0.144,0.0987654320987654,0.104166666666667,0.0964467005076142,0.218181818181818,0.163934426229508,0.17156862745098,0.146496815286624,0.188811188811189,0.2264631043257,0,0.0561797752808989,0.117647058823529,0.289855072463768
3288,Placenta-HIGH,0.0666666666666667,0.109756097560976,0.127490039840637,0.200704225352113,0.211488250652742,0.127450980392157,0.19815668202765,0.2,0.159268929503916,0.141843971631206,0.122994652406417,0.202970297029703,0.115671641791045,0.0625,0.0810810810810811,0.350877192982456,0.0958904109589041
3312,Placenta-HIGH,0.727272727272727,0.7265625,0.867924528301887,0.723684210526316,0.787709497206704,0.835978835978836,0.718120805369128,0.773913043478261,0.803508771929825,0.904109589041096,0.727891156462585,0.757575757575758,0.825842696629213,0.943396226415094,0.833333333333333,,
3328,Placenta-HIGH,0.0555555555555556,0.0902255639097744,0.0961538461538462,0.0722433460076046,0.215789473684211,0.0456852791878173,0.0884353741496599,0.173708920187793,0.143603133159269,0.0390625,0.13768115942029,0.168421052631579,0.155080213903743,0,0.0833333333333333,0.0545454545454545,0.125
3334,Placenta-HIGH,0.164,0.25,0.224215246636771,0.278985507246377,0.338129496402878,0.334763948497854,0.255681818181818,0.342657342657343,0.272108843537415,0.342857142857143,0.195020746887967,0.429752066115702,0.327272727272727,0.333333333333333,0.450980392156863,0.260869565217391,0.554347826086957
3335,Placenta-HIGH,0.0472103004291846,0.0472103004291846,0.0648464163822526,0.216949152542373,0.170588235294118,0.0766871165644172,0.0441176470588235,0.127659574468085,0.055327868852459,0.0710382513661202,0.144404332129964,0.25830258302583,0.156794425087108,0.027027027027027,0.0963855421686747,0.09375,0.154205607476636
3343,Placenta-HIGH,0.466898954703833,0.538461538461538,0.645038167938931,0.659919028340081,0.613013698630137,0.542222222222222,0.471014492753623,0.555160142348754,0.536170212765958,0.675,0.766536964980545,0.580786026200873,0.707936507936508,0.0810810810810811,0.421052631578947,0.448979591836735,0.436893203883495
3358,Placenta-HIGH,0.0164705882352941,0.054945054945055,0.0874704491725768,0.259776536312849,0.162464985994398,0.0877862595419847,0.154135338345865,0.170940170940171,0.2,0.234741784037559,0.0837988826815642,0.216666666666667,0.207459207459207,0.0185185185185185,0.125,0,0.299319727891156
3380,T-cells,0.0298507462686567,0.00896860986547085,0.0479452054794521,0.00588235294117647,0.0110294117647059,0.00319488817891374,0.00666666666666667,0.015748031496063,0.0220588235294118,0.0446428571428571,0.0152091254752852,0.00704225352112676,0.00611620795107034,0.012987012987013,0,0.0405405405405405,0
3393,Neutrophils,0.581967213114754,0.738317757009346,0.506666666666667,0.590909090909091,0.754098360655738,0.542168674698795,0.755102040816326,0.607142857142857,0.745901639344262,0.473684210526316,0.686046511627907,0.654411764705882,0.748571428571429,,,0.657142857142857,
3401,Placenta-HIGH,0.0613207547169811,0.0725190839694657,0.0849673202614379,0.0710059171597633,0.196610169491525,0.0314685314685315,0.0352941176470588,0.106918238993711,0.114374034003091,0.0730593607305936,0.0743589743589744,0.122727272727273,0.0780856423173804,0.0357142857142857,,0.0784313725490196,0.2
3404,Placenta-HIGH,0.338345864661654,0.518918918918919,0.414634146341463,0.463333333333333,0.4,0.415637860082305,0.402010050251256,0.416309012875536,0.440677966101695,0.401197604790419,0.457413249211357,0.633064516129032,0.422222222222222,0.416666666666667,0.4,0.385416666666667,0.669565217391304
3410,Placenta-HIGH,0.169117647058824,0.0714285714285714,0.173228346456693,0.232323232323232,0.192708333333333,0.117021276595745,0.08,0.217391304347826,0.213389121338912,0.235294117647059,0.135483870967742,0.214285714285714,0.241379310344828,0.0769230769230769,,0.232142857142857,0.25
3412,Placenta-HIGH,0.145695364238411,0.147368421052632,0.120689655172414,0.360248447204969,0.213333333333333,0.214765100671141,0.194029850746269,0.256880733944954,0.237226277372263,0.269230769230769,0.189024390243902,0.321917808219178,0.239130434782609,0.205882352941176,0.114285714285714,0.30952380952381,0.596153846153846
3432,Placenta-HIGH,0.0749063670411985,0.0873362445414847,0.155555555555556,0.166666666666667,0.273972602739726,0.0273037542662116,0.0429447852760736,0.191056910569106,0.0932400932400932,0.0625,0.125541125541126,0.407821229050279,0.172523961661342,0,0.122222222222222,0.182608695652174,0.323809523809524
3441,Placenta-HIGH,0.348484848484849,0.370860927152318,0.404255319148936,0.399293286219081,0.448648648648649,0.478527607361963,0.323353293413174,0.473988439306358,0.406862745098039,0.414965986394558,0.433497536945813,0.445054945054945,0.505952380952381,0.218181818181818,,0.25,0.475409836065574
3449,Placenta-HIGH,0.157407407407407,0.0578034682080925,0.142011834319527,0.255813953488372,0.340909090909091,0.153846153846154,0.147058823529412,0.2,0.204166666666667,0.182481751824818,0.316939890710383,0.47244094488189,0.281818181818182,,0.363636363636364,0.166666666666667,0.32258064516129
3452,Placenta-HIGH,0.0179640718562874,0.0601092896174863,0.0794392523364486,0.0974358974358974,0.112745098039216,0.100840336134454,0.0529411764705882,0.26,0.106060606060606,0,0.113513513513514,0.118518518518519,0.12037037037037,0.0769230769230769,,,0.508771929824562
3462,Placenta-HIGH,0.106299212598425,0.0864864864864865,0.10762331838565,0.193798449612403,0.17910447761194,0.0843881856540084,0.254826254826255,0.0930232558139535,0.138157894736842,0.127118644067797,0.1,0.172131147540984,0.227699530516432,0.0645161290322581,0.2,0.168067226890756,0.310344827586207
3475,Placenta-HIGH,0.0641711229946524,0.0197628458498024,0.0648464163822526,0.0695652173913044,0.224,0.032520325203252,0.033195020746888,0.184834123222749,0.0821596244131455,0.0888030888030888,0.05,0.118483412322275,0.213888888888889,0.09375,0.0357142857142857,0.122222222222222,0.15625
3501,Placenta-HIGH,0.0689655172413793,0.141975308641975,0.133640552995392,0.211538461538462,0.134615384615385,0.106837606837607,0.0368098159509202,0.290322580645161,0.207894736842105,0.0857142857142857,0.0891472868217054,0.15028901734104,0.187335092348285,0.123595505617978,0.283018867924528,0.25609756097561,0.182926829268293
3503,Placenta-HIGH,0.593220338983051,0.418181818181818,0.529411764705882,0.533333333333333,0.578313253012048,0.6015625,0.534883720930233,0.512820512820513,0.476635514018692,0.610169491525424,0.485207100591716,0.478991596638655,0.414012738853503,,,0.583333333333333,0.794117647058824
3534,B-cells,0.126436781609195,0.0974025974025974,0.0852272727272727,0.0470588235294118,0.0710382513661202,0.107594936708861,0.0888888888888889,0.016,0.0945558739255014,0.0388349514563107,0.036144578313253,0.03125,0.0242718446601942,0.04,,0.0333333333333333,0.0526315789473684
3538,B-cells,0.763888888888889,0.879120879120879,0.877862595419847,0.806451612903226,0.816793893129771,0.805825242718447,0.833333333333333,0.81578947368421,0.796153846153846,0.9375,0.852941176470588,0.711864406779661,0.723529411764706,0.833333333333333,0.944444444444444,0.888888888888889,0.721311475409836
3555,Placenta-HIGH,0.142131979695431,0.0923076923076923,0.0852017937219731,0.172774869109948,0.136986301369863,0.185897435897436,0.170940170940171,0.156976744186047,0.115902964959569,0.169014084507042,0.235897435897436,0.145161290322581,0.187683284457478,0.0606060606060606,0.129032258064516,0.27536231884058,0.285714285714286
3558,Placenta-HIGH,0.103125,0.0497512437810945,0.109965635738832,0.164556962025316,0.241721854304636,0.0418604651162791,0.0205479452054795,0.0950413223140496,0.143468950749465,0.110552763819095,0.129353233830846,0.205645161290323,0.260765550239234,0.123076923076923,0.147058823529412,0.0625,0.282258064516129
3569,Neutrophils,0.864130434782609,0.828125,0.923076923076923,0.922222222222222,0.76063829787234,0.89051094890511,0.850340136054422,0.872727272727273,0.897163120567376,0.863309352517986,0.857142857142857,0.886666666666667,0.833333333333333,,,0.794871794871795,0.902777777777778
3578,Placenta-HIGH,0.344444444444444,0.28735632183908,0.559322033898305,0.514018691588785,0.604395604395604,0.441860465116279,0.567164179104478,0.4,0.431506849315069,0.506849315068493,0.402439024390244,0.450549450549451,0.566371681415929,,,,
3590,Placenta-HIGH,0.314009661835749,0.169902912621359,0.149038461538462,0.375912408759124,0.327659574468085,0.183431952662722,0.270833333333333,0.269565217391304,0.303879310344828,0.169934640522876,0.222222222222222,0.3125,0.374613003095975,0.125,0.386363636363636,0.37719298245614,0.313432835820896
3601,Placenta-HIGH,0.463157894736842,0.49433962264151,0.412903225806452,0.504098360655738,0.529166666666667,0.391705069124424,0.557046979865772,0.531428571428572,0.491228070175439,0.543307086614173,0.507692307692308,0.576271186440678,0.581896551724138,0.23943661971831,0.381578947368421,0.625,0.53125
3603,Placenta-HIGH,0.162679425837321,0.0862068965517242,0.134615384615385,0.318840579710145,0.192513368983957,0.13302752293578,0.103448275862069,0.223529411764706,0.211087420042644,0.192,0.169811320754717,0.325301204819277,0.365384615384615,,0.195652173913043,0.271428571428571,0.507042253521127
3610,B-cells,0.705882352941177,0.697674418604651,0.636986301369863,0.797297297297297,0.779661016949153,0.654320987654321,0.664556962025316,0.754237288135593,0.745098039215686,0.791044776119403,0.730263157894737,0.780645161290323,0.797687861271676,,,,0.756756756756757
3614,Placenta-HIGH,0.0849056603773585,0.126385809312639,0.151724137931034,0.163851351351351,0.276255707762557,0.107655502392344,0.172077922077922,0.198067632850242,0.180278884462151,0.131799163179916,0.137566137566138,0.410138248847926,0.296398891966759,0.0507246376811594,0.098159509202454,0.154545454545455,0.391959798994975
3638,B-cells,0.789772727272727,0.909722222222222,0.865248226950355,0.787037037037037,0.831683168316832,0.865168539325843,0.76219512195122,0.898550724637681,0.832807570977918,0.957894736842105,0.842105263157895,0.875,0.885321100917431,0.866666666666667,,0.90625,0.842105263157895
3643,Placenta-HIGH,0.103614457831325,0.167300380228137,0.195250659630607,0.205588822355289,0.28343949044586,0.251101321585903,0.216666666666667,0.261029411764706,0.200808625336927,0.16,0.19060773480663,0.298578199052133,0.263279445727483,0.106382978723404,0.0983606557377049,0.113636363636364,0.153846153846154
3649,Placenta-HIGH,0.35,0.205479452054795,0.123893805309735,0.232323232323232,0.194736842105263,0.346666666666667,0.28921568627451,0.30379746835443,0.220149253731343,0.335260115606936,0.373873873873874,0.539568345323741,0.371951219512195,0.179775280898876,0.246753246753247,0.444444444444444,0.336065573770492
3657,Placenta-HIGH,0.253012048192771,0.346733668341709,0.168316831683168,0.234234234234234,0.274285714285714,0.220125786163522,0.152671755725191,0.216417910447761,0.226415094339623,0.221311475409836,0.236842105263158,0.5,0.348837209302326,0.0892857142857143,0.433333333333333,0.260869565217391,
3661,Placenta-HIGH,0.138190954773869,0.208333333333333,0.0710059171597633,0.263940520446097,0.18944099378882,0.121495327102804,0.139393939393939,0.259398496240602,0.181818181818182,0.099009900990099,0.131672597864769,0.135593220338983,0.271264367816092,0.458333333333333,0.287234042553192,0.115942028985507,0.333333333333333
3672,T-cells,0.152173913043478,0.119047619047619,0.0725388601036269,0.0162162162162162,0.0524017467248908,0.0288065843621399,0.15,0.0337552742616034,0.100238663484487,0.0301204819277108,0.0581395348837209,0.0619469026548673,0.0761421319796954,0.0181818181818182,0.04,0.0285714285714286,0.0194174757281553
3686,T-cells,0.0622950819672131,0.104972375690608,0.0627062706270627,0.0409556313993174,0.0621761658031088,0.118721461187215,0.0483870967741936,0.0797872340425532,0.0716180371352785,0.104046242774566,0.0246913580246914,0.0629370629370629,0.0513833992094862,0,0.0204081632653061,0.0333333333333333,0.0476190476190476
3687,T-cells,0.130841121495327,0.169230769230769,0.162790697674419,0.0977011494252874,0.128205128205128,0.15819209039548,0.183544303797468,0.141242937853107,0.111842105263158,0.116279069767442,0.150214592274678,0.105263157894737,0.105263157894737,0.103448275862069,0.121951219512195,0.0303030303030303,0.0943396226415094
3689,Placenta-HIGH,0.0740740740740741,0.075,0.0602409638554217,0.26530612244898,0.224489795918367,0.0123456790123457,0.0897435897435897,0.34375,0.172932330827068,0.0714285714285714,0.133333333333333,0.0882352941176471,0.227272727272727,,0,0.193548387096774,0.324324324324324
3694,Placenta-HIGH,0.247619047619048,0.278688524590164,0.350515463917526,0.412371134020619,0.228915662650602,0.313432835820896,0.22962962962963,0.426470588235294,0.384,0.267857142857143,0.465346534653465,0.473684210526316,0.475,,,0.348837209302326,0.405405405405405
3697,Placenta-HIGH,0.12112676056338,0.200692041522491,0.113970588235294,0.271341463414634,0.374074074074074,0.0854700854700855,0.11214953271028,0.330827067669173,0.223636363636364,0.21608040201005,0.245967741935484,0.328828828828829,0.37883008356546,0,0.2,0.229508196721311,0.355555555555556
3717,Placenta-HIGH,0.16,0.182692307692308,0.151260504201681,0.227272727272727,0.279835390946502,0.123745819397993,0.161904761904762,0.210743801652893,0.18925831202046,0.283236994219653,0.265957446808511,0.258064516129032,0.301449275362319,0.0857142857142857,0.186666666666667,0.212121212121212,0.217821782178218
3722,Placenta-HIGH,0.0223325062034739,0.101045296167247,0.037593984962406,0.164921465968586,0.171929824561404,0.0308988764044944,0.0646766169154229,0.276422764227642,0.125523012552301,0.0526315789473684,0.120567375886525,0.201058201058201,0.350923482849604,0.0357142857142857,0.0533333333333333,0.120481927710843,0.164835164835165
3726,Placenta-HIGH,0.291764705882353,0.311178247734139,0.304740406320542,0.360975609756098,0.390625,0.263698630136986,0.166112956810631,0.430446194225722,0.315568022440393,0.247191011235955,0.265625,0.359259259259259,0.453382084095064,0.30952380952381,0.1375,0.323943661971831,0.532663316582915
3729,Neutrophils,0.716666666666667,0.68503937007874,0.673333333333333,0.668674698795181,0.613496932515337,0.75,0.537634408602151,0.78125,0.684684684684685,0.576576576576577,0.683870967741935,0.680851063829787,0.605714285714286,0.852941176470588,,0.896551724137931,
3737,B-cells,0.796116504854369,0.76271186440678,0.825581395348837,0.8625,0.788888888888889,0.746031746031746,0.806451612903226,0.786885245901639,0.785714285714286,0.761904761904762,0.864077669902913,0.806451612903226,0.868852459016394,0.861111111111111,,,
3739,B-cells,0.762589928057554,0.837837837837838,0.759036144578313,0.89908256880734,0.873684210526316,0.778571428571429,0.904761904761905,0.92436974789916,0.878228782287823,0.919540229885057,0.911504424778761,0.821428571428571,0.871794871794872,,0.926829268292683,,
3744,Placenta-HIGH,0.17258883248731,0.113636363636364,0.134831460674157,0.168421052631579,0.224806201550388,0.210084033613445,0.206521739130435,0.238461538461538,0.192488262910798,0.2,0.158273381294964,0.1875,0.23015873015873,,0.176470588235294,,0.333333333333333
3745,Placenta-HIGH,0.0655737704918033,0.346938775510204,0.306122448979592,0.216981132075472,0.172727272727273,0.241379310344828,0.307692307692308,0.166666666666667,0.25414364640884,0.186440677966102,0.270833333333333,0.173469387755102,0.146892655367232,0.15625,0.193548387096774,,0.235294117647059
3746,Placenta-HIGH,0.175438596491228,0.327102803738318,0.271739130434783,0.252252252252252,0.208,0.311258278145695,0.171428571428571,0.248407643312102,0.277511961722488,0.268292682926829,0.325842696629214,0.265822784810127,0.216981132075472,0.171428571428571,,0.30952380952381,0.114285714285714
3763,Neutrophils,0.635135135135135,0.755555555555556,0.651162790697675,0.712765957446809,0.637362637362637,0.582089552238806,0.628205128205128,0.661290322580645,0.679245283018868,0.784615384615385,0.734939759036145,0.795918367346939,0.741496598639456,,,,0.864864864864865
3776,Placenta-HIGH,0.85,0.835390946502058,0.831818181818182,0.853535353535354,0.858870967741936,0.758293838862559,0.86231884057971,0.812709030100334,0.797356828193833,0.848484848484848,0.823970037453184,0.881081081081081,0.762820512820513,0.870967741935484,0.9375,0.884057971014493,0.641975308641975
3812,T-cells,0.0575539568345324,0.108108108108108,0.0588235294117647,0.0458715596330275,0.0406976744186047,0.0340136054421769,0,0,0.0398009950248756,0,0.0265486725663717,0.0388349514563107,0.00543478260869565,,,0.0833333333333333,
3821,Placenta-HIGH,0.342465753424658,0.424778761061947,0.263636363636364,0.357142857142857,0.287581699346405,0.512820512820513,0.31304347826087,0.333333333333333,0.315972222222222,0.348214285714286,0.428571428571429,0.482269503546099,0.353658536585366,0.266666666666667,0.218181818181818,0.296875,0.282608695652174
3832,Placenta-HIGH,0.0486486486486487,0.0880829015544041,0.113879003558719,0.173333333333333,0.238683127572016,0.062780269058296,0.0769230769230769,0.192156862745098,0.178947368421053,0.10828025477707,0.138339920948617,0.262589928057554,0.238095238095238,0.24390243902439,0.12,0.421052631578947,0.182481751824818
3833,Placenta-HIGH,0.16078431372549,0.179640718562874,0.0813397129186603,0.231578947368421,0.274725274725275,0.158914728682171,0.136150234741784,0.171270718232044,0.16046511627907,0.0957446808510638,0.167785234899329,0.218274111675127,0.269662921348315,0.119565217391304,0.17910447761194,0.2,0.25974025974026
3834,Placenta-HIGH,0.0752212389380531,0.0416666666666667,0.0526315789473684,0.131578947368421,0.101010101010101,0.0246913580246914,0.0829268292682927,0.151960784313725,0.0881720430107527,0.0785340314136126,0.141129032258065,0.23046875,0.152641878669276,0.0555555555555556,0.0447761194029851,0.239130434782609,0.378378378378378
3845,Placenta-HIGH,0.421383647798742,0.421052631578947,0.464285714285714,0.533980582524272,0.534883720930233,0.277511961722488,0.39568345323741,0.506493506493507,0.489247311827957,0.490384615384615,0.419889502762431,0.560869565217391,0.536332179930796,0.1875,0.472727272727273,0.269230769230769,0.666666666666667
3859,Placenta-HIGH,0.0571428571428571,0.0760869565217391,0.0350877192982456,0.142857142857143,0.1875,0.0526315789473684,0.0645161290322581,0.12962962962963,0.0975609756097561,0.0515463917525773,0.198795180722892,0.182432432432432,0.318181818181818,,0.106666666666667,0.171428571428571,0.0869565217391304
3895,Placenta-HIGH,0.261324041811847,0.258785942492013,0.254742547425474,0.350515463917526,0.344322344322344,0.394648829431438,0.302884615384615,0.445714285714286,0.197693574958814,0.316901408450704,0.276785714285714,0.357512953367876,0.403954802259887,0.25,0.229508196721311,0.377049180327869,0.401960784313726
3905,T-cells,0.0915750915750916,0.121951219512195,0.0543933054393306,0.0796915167095116,0.0657142857142857,0.0344827586206897,0.0614886731391586,0.0474308300395257,0.0448833034111311,0.0427046263345196,0.0342857142857143,0.0579710144927536,0.0511111111111111,0,0.0208333333333333,0.0555555555555556,0.0338983050847458
3911,Placenta-HIGH,0.144542772861357,0.222672064777328,0.189801699716714,0.317647058823529,0.277777777777778,0.217821782178218,0.106666666666667,0.341379310344828,0.274119448698315,0.121212121212121,0.182989690721649,0.285714285714286,0.240687679083095,0.0909090909090909,0.087719298245614,0.458333333333333,0.373333333333333
3919,B-cells,0.943661971830986,0.884146341463415,0.914110429447853,0.930232558139535,0.92964824120603,0.931034482758621,0.828358208955224,0.924528301886792,0.915167095115681,0.847682119205298,0.941860465116279,0.949685534591195,0.949640287769784,0.879310344827586,0.95,0.929411764705882,0.903846153846154
3923,Placenta-HIGH,0.189265536723164,0.139150943396226,0.175,0.163855421686747,0.288025889967638,0.17981072555205,0.248427672955975,0.161849710982659,0.180574555403557,0.253787878787879,0.216335540838852,0.303341902313625,0.227450980392157,0.227941176470588,0.418439716312057,0.260869565217391,0.293413173652695
3926,Placenta-HIGH,0.088785046728972,0.123853211009174,0.0988700564971751,0.282142857142857,0.209219858156028,0.0952380952380952,0.108108108108108,0.328571428571429,0.161137440758294,0.07,0.164335664335664,0.322115384615385,0.252788104089219,0.0555555555555556,0,0.23,0.337662337662338
3929,T-cells,0.248618784530387,0.114093959731544,0.0600858369098712,0.0495495495495496,0.00552486187845304,0.0510204081632653,0.135294117647059,0.0595238095238095,0.0498442367601246,0.0140845070422535,0.0336538461538462,0.0248447204968944,0.0425531914893617,0,0,0.0930232558139535,0.0163934426229508
3953,B-cells,0.915178571428571,0.85546875,0.868686868686869,0.81992337164751,0.807692307692308,0.901041666666667,0.867647058823529,0.799196787148594,0.813725490196078,0.825757575757576,0.804270462633452,0.839869281045752,0.809160305343512,0.901408450704225,0.935064935064935,0.805555555555556,0.742424242424242
3973,Placenta-HIGH,0.358208955223881,0.341463414634146,0.315018315018315,0.522648083623693,0.325842696629214,0.463541666666667,0.276381909547739,0.446280991735537,0.376785714285714,0.468619246861925,0.39527027027027,0.459915611814346,0.531862745098039,0.234567901234568,0.356435643564356,0.465753424657534,0.583333333333333
3975,T-cells,0.153333333333333,0.207920792079208,0.0782608695652174,0.0168067226890756,0.0353982300884956,0.193181818181818,0.173333333333333,0.12987012987013,0.134920634920635,0.105769230769231,0.147727272727273,0.105263157894737,0.105263157894737,0.027027027027027,,0,0.0833333333333333
4000,Placenta-HIGH,0.0917647058823529,0.132701421800948,0.0470588235294118,0.200956937799043,0.128133704735376,0.0725190839694657,0.0520446096654275,0.25,0.149078726968174,0.151639344262295,0.163538873994638,0.0640569395017794,0.25462962962963,0,0.115384615384615,0.0547945205479452,0.537037037037037
4001,Placenta-HIGH,0.14453125,0.211469534050179,0.189830508474576,0.235955056179775,0.351145038167939,0.10593220338983,0.178438661710037,0.224066390041494,0.224948875255624,0.207171314741036,0.385300668151448,0.297058823529412,0.260115606936416,0.313725490196078,,0.383333333333333,0.259036144578313
4007,B-cells,0.824324324324324,0.887096774193548,0.872093023255814,0.838709677419355,0.874074074074074,0.71264367816092,0.787878787878788,0.919642857142857,0.852534562211982,0.806122448979592,0.828571428571429,0.879746835443038,0.906382978723404,0.909090909090909,0.833333333333333,,0.794117647058824
4014,Neutrophils,0.722222222222222,0.666666666666667,0.68,0.907692307692308,0.835616438356164,0.714285714285714,0.729166666666667,0.867924528301887,0.703296703296703,0.74468085106383,0.736842105263158,0.736842105263158,0.797101449275362,,,,
4029,Placenta-HIGH,0.242201834862385,0.261398176291793,0.251989389920424,0.326027397260274,0.203208556149733,0.178832116788321,0.285714285714286,0.213523131672598,0.227737226277372,0.353741496598639,0.227272727272727,0.357594936708861,0.388671875,0.240506329113924,0.269662921348315,0.404255319148936,0.469298245614035
4038,Placenta-HIGH,0.455445544554456,0.326530612244898,0.412765957446809,0.353932584269663,0.320512820512821,0.458100558659218,0.325396825396825,0.37956204379562,0.327272727272727,0.405063291139241,0.348314606741573,0.461038961038961,0.422680412371134,0.102040816326531,0.285714285714286,0.385542168674699,0.416666666666667
4041,Placenta-HIGH,0.092436974789916,0.0401785714285714,0.0663716814159292,0.127717391304348,0.224832214765101,0.0902777777777778,0.0357142857142857,0.14406779661017,0.0960698689956332,0.125,0.149466192170819,0.172248803827751,0.210365853658537,0.0317460317460317,0.0357142857142857,0.24,0.0634920634920635
4074,Placenta-HIGH,0.106666666666667,0.0983606557377049,0.0714285714285714,0.220588235294118,0.35632183908046,0.0555555555555556,0.0841121495327103,0.28125,0.164383561643836,0.157303370786517,0.0945945945945946,0.232142857142857,0.237113402061856,,,,0.24
4092,Placenta-HIGH,0.105263157894737,0.149377593360996,0.170909090909091,0.262458471760797,0.18348623853211,0.118577075098814,0.103448275862069,0.202290076335878,0.2048,0.169398907103825,0.13905325443787,0.311827956989247,0.243243243243243,0.17687074829932,0.0540540540540541,0.213483146067416,0.24468085106383
4096,T-cells,0.0310344827586207,0.00980392156862745,0.0476190476190476,0.00452488687782806,0.0215827338129496,0.00975609756097561,0.024896265560166,0.033112582781457,0.048689138576779,0,0.0181159420289855,0.0625,0.0188679245283019,0.0133333333333333,,,0.024390243902439
4097,Placenta-HIGH,0.705583756345178,0.76271186440678,0.78,0.751592356687898,0.737931034482759,0.759124087591241,0.815602836879433,0.722627737226277,0.765432098765432,0.793814432989691,0.684466019417476,0.698717948717949,0.694174757281553,0.857142857142857,,,0.75
4105,Placenta-HIGH,0.120274914089347,0.146118721461187,0.165137614678899,0.304477611940299,0.251428571428571,0.138983050847458,0.0740740740740741,0.229885057471264,0.179407176287052,0.301801801801802,0.225563909774436,0.294545454545455,0.264462809917355,0.0275229357798165,0.2,0.222222222222222,0.180851063829787
4107,Placenta-HIGH,0.0853080568720379,0.131313131313131,0.0828402366863906,0.227586206896552,0.227272727272727,0.0555555555555556,0.151260504201681,0.208955223880597,0.108635097493036,0.0404040404040404,0.21875,0.376068376068376,0.297376093294461,,0.2,0.101449275362319,0.214285714285714
4115,Placenta-HIGH,0.446808510638298,0.602564102564103,0.532608695652174,0.587301587301587,0.413461538461538,0.540816326530612,0.545454545454545,0.657142857142857,0.550632911392405,0.5,0.537974683544304,0.5,0.572368421052632,0.666666666666667,,0.590909090909091,0.525423728813559
4156,Neutrophils,0.682926829268293,0.614678899082569,0.552407932011331,0.526690391459075,0.602888086642599,0.522556390977444,0.605839416058394,0.527131782945737,0.609345794392523,0.464285714285714,0.560509554140127,0.572222222222222,0.579310344827586,0.519607843137255,0.555555555555556,0.506172839506173,0.740384615384615
4157,Neutrophils,0.896103896103896,0.810810810810811,0.786764705882353,0.807692307692308,0.710280373831776,0.773049645390071,0.844262295081967,0.789473684210526,0.736434108527132,0.765432098765432,0.830188679245283,0.804195804195804,0.763005780346821,,,0.878048780487805,0.692307692307692
4180,B-cells,0.8,0.704081632653061,0.838461538461539,0.704347826086957,0.653543307086614,0.675,0.791666666666667,0.719298245614035,0.79372197309417,0.821428571428571,0.730769230769231,0.740740740740741,0.63265306122449,0.763157894736842,,0.743589743589744,
4184,Placenta-HIGH,0.0862745098039216,0.0256410256410256,0.0735294117647059,0.232142857142857,0.304932735426009,0.0884353741496599,0.0738636363636364,0.262411347517731,0.106796116504854,0.171052631578947,0.15695067264574,0.224409448818898,0.272727272727273,0.027027027027027,0.0625,0.0645161290322581,0.08
4188,Neutrophils,0.538011695906433,0.481132075471698,0.353741496598639,0.64406779661017,0.465753424657534,0.30188679245283,0.417322834645669,0.407766990291262,0.466386554621849,0.572916666666667,0.5,0.601694915254237,0.523605150214592,0.236363636363636,,0.317073170731707,0.368421052631579
4189,Neutrophils,0.625,0.540540540540541,0.424242424242424,0.346534653465347,0.509259259259259,0.528846153846154,0.445652173913043,0.529411764705882,0.642276422764228,0.58974358974359,0.478260869565217,0.418604651162791,0.515923566878981,,,0.5,
4194,B-cells,0.842465753424658,0.966666666666667,0.829059829059829,0.937888198757764,0.916167664670659,0.944444444444444,0.891472868217054,0.908333333333333,0.887550200803213,0.939393939393939,0.910714285714286,0.921739130434783,0.933014354066986,0.886363636363636,,0.94,0.907407407407407
4196,B-cells,0.934844192634561,0.919254658385093,0.96078431372549,0.957264957264957,0.946949602122016,0.911764705882353,0.929292929292929,0.953020134228188,0.923791821561338,0.932806324110672,0.93558282208589,0.946540880503145,0.954813359528487,0.958333333333333,0.970149253731343,0.928571428571429,0.947712418300654
4200,B-cells,0.0338461538461538,0.0670391061452514,0.0588235294117647,0.101827676240209,0.0591259640102828,0.0346820809248555,0.0413793103448276,0.0445544554455446,0.0530973451327434,0.0419161676646707,0.0588235294117647,0.118320610687023,0.0769230769230769,0.0625,0.0185185185185185,0.0307692307692308,0.222222222222222
4203,Placenta-HIGH,0.131756756756757,0.0860927152317881,0.0923913043478261,0.358208955223881,0.282868525896414,0.126262626262626,0.0622222222222222,0.21455938697318,0.26453488372093,0.1125,0.408304498269896,0.419889502762431,0.259036144578313,0.333333333333333,0.0588235294117647,0.22972972972973,0.539130434782609
4209,Placenta-HIGH,0.492957746478873,0.265734265734266,0.36875,0.355670103092784,0.317204301075269,0.275862068965517,0.409836065573771,0.412621359223301,0.322033898305085,0.507352941176471,0.353233830845771,0.46969696969697,0.498305084745763,0.338983050847458,,0.648148148148148,0.405063291139241
4232,Placenta-HIGH,0.34010152284264,0.355828220858896,0.229946524064171,0.367088607594937,0.357487922705314,0.290123456790123,0.241379310344828,0.329842931937173,0.273006134969325,0.314685314685315,0.279310344827586,0.403587443946188,0.352517985611511,0.310344827586207,0.244444444444444,0.477272727272727,0.5
4234,Placenta-HIGH,0.544910179640719,0.512048192771084,0.5,0.490066225165563,0.658119658119658,0.471111111111111,0.61046511627907,0.585987261146497,0.467391304347826,0.363057324840764,0.50920245398773,0.46218487394958,0.523391812865497,0.644444444444445,0.542857142857143,0.511111111111111,0.577464788732394
4237,Placenta-HIGH,0.0485175202156334,0.0874316939890711,0.0743034055727554,0.17948717948718,0.165109034267913,0.0101351351351351,0.133333333333333,0.178461538461538,0.111111111111111,0.141025641025641,0.0470588235294118,0.152416356877323,0.251685393258427,0.128205128205128,0.177777777777778,0.0952380952380952,0.265193370165746
4238,Placenta-HIGH,0.162055335968379,0.268156424581006,0.186915887850467,0.397163120567376,0.333333333333333,0.215962441314554,0.152046783625731,0.212765957446809,0.282051282051282,0.23963133640553,0.138248847926267,0.315068493150685,0.244224422442244,0.25,0.234375,0.376470588235294,0.322314049586777
4244,T-cells,0.0548523206751055,0.0949367088607595,0.0740740740740741,0.104651162790698,0.0865384615384615,0.0645161290322581,0.049645390070922,0.0615384615384615,0.081570996978852,0.0423728813559322,0.0210084033613445,0.0829268292682927,0.108991825613079,0.2,0.028169014084507,0.101694915254237,0.142857142857143
4246,T-cells,0.0695652173913044,0.0510204081632653,0.0610687022900763,0.0423728813559322,0.0309278350515464,0.03125,0.0410958904109589,0,0.0454545454545455,0.028169014084507,0.00970873786407767,0.024390243902439,0.0987654320987654,,,0.0967741935483871,0.09375
4298,Placenta-HIGH,0.0625,0.110236220472441,0.0714285714285714,0.202702702702703,0.168421052631579,0.0909090909090909,0.0862068965517242,0.274509803921569,0.207317073170732,0.0882352941176471,0.139240506329114,0.239669421487603,0.311111111111111,0.142857142857143,0.103448275862069,0.191489361702128,
4299,Placenta-HIGH,0.0588235294117647,0.140575079872204,0.0802139037433155,0.161662817551963,0.297734627831715,0.0719794344473008,0.134782608695652,0.214007782101167,0.0543293718166384,0.0326797385620915,0.0252873563218391,0.281767955801105,0.133333333333333,0,0.0476190476190476,0.358490566037736,0.229357798165138
4307,Placenta-HIGH,0.297297297297297,0.328947368421053,0.225,0.370629370629371,0.346938775510204,0.218487394957983,0.272058823529412,0.356164383561644,0.352631578947368,0.34375,0.395833333333333,0.428571428571429,0.37012987012987,,,,
4323,Neutrophils,0.888888888888889,0.895522388059702,0.787878787878788,0.968503937007874,0.781512605042017,0.747747747747748,0.825581395348837,0.877777777777778,0.810650887573965,0.769230769230769,0.894736842105263,0.766233766233766,0.535087719298246,,,,0.59016393442623
4324,Placenta-HIGH,0.062015503875969,0.0398009950248756,0.104477611940299,0.297959183673469,0.28755364806867,0.0923076923076923,0.0380434782608696,0.247863247863248,0.0979955456570156,0.0816326530612245,0.119266055045872,0.225806451612903,0.241830065359477,0,0.222222222222222,0.446428571428571,0.37037037037037
4325,Placenta-HIGH,0.806451612903226,0.746666666666667,0.680851063829787,0.658291457286432,0.721854304635762,0.706293706293706,0.672131147540984,0.548076923076923,0.691729323308271,0.784615384615385,0.71875,0.836065573770492,0.72992700729927,0.606060606060606,0.714285714285714,0.761904761904762,0.791666666666667
4342,B-cells,0.945098039215686,0.926470588235294,0.911917098445596,0.876106194690266,0.932011331444759,0.876106194690266,0.905579399141631,0.924764890282132,0.874524714828897,0.928802588996764,0.929618768328446,0.917491749174918,0.918811881188119,0.928571428571429,0.926829268292683,0.934579439252336,0.949640287769784
4362,B-cells,0.896296296296296,0.906779661016949,0.93006993006993,0.810344827586207,0.904347826086956,0.897727272727273,0.947916666666667,0.936619718309859,0.850533807829182,0.957446808510638,0.917910447761194,0.923976608187134,0.919413919413919,0.948051948051948,0.783783783783784,,0.96
4366,Placenta-HIGH,0.157303370786517,0.166666666666667,0.165441176470588,0.302040816326531,0.323404255319149,0.135245901639344,0.209459459459459,0.225641025641026,0.212454212454212,0.265822784810127,0.213114754098361,0.251336898395722,0.40625,,0.1125,0.166666666666667,0.513888888888889
4379,B-cells,0.936073059360731,0.93469387755102,0.956310679611651,0.924901185770751,0.94140625,0.907563025210084,0.936046511627907,0.904761904761905,0.92436974789916,0.949152542372881,0.92274678111588,0.932098765432099,0.939890710382514,0.975609756097561,0.942857142857143,0.896551724137931,0.956043956043956
4382,Placenta-HIGH,0.0645161290322581,0.145833333333333,0.0680628272251309,0.158730158730159,0.221014492753623,0.0256410256410256,0.177631578947368,0.19774011299435,0.145631067961165,0.108571428571429,0.148148148148148,0.158878504672897,0.250936329588015,0.0461538461538462,0.127659574468085,0.296703296703297,0.442622950819672
4383,Neutrophils,0.86875,0.686666666666667,0.771428571428571,0.770562770562771,0.706214689265537,0.696428571428571,0.818181818181818,0.807453416149068,0.793193717277487,0.67,0.874418604651163,0.792899408284024,0.736543909348442,0.583333333333333,0.722222222222222,0.919354838709677,0.787878787878788
4394,Neutrophils,0.692307692307692,0.461538461538462,0.473684210526316,0.693877551020408,0.723076923076923,0.647058823529412,0.533333333333333,,0.526315789473684,,0.735294117647059,0.783783783783784,0.613636363636364,,,,
4425,Placenta-HIGH,0.135057471264368,0.146666666666667,0.146892655367232,0.261829652996845,0.270531400966184,0.0994764397905759,0.184049079754601,0.242647058823529,0.147058823529412,0.10077519379845,0.189814814814815,0.204819277108434,0.248201438848921,,0.0555555555555556,,0.232558139534884
4442,Placenta-HIGH,0.202597402597403,0.25609756097561,0.246987951807229,0.289473684210526,0.359154929577465,0.25,0.26063829787234,0.331632653061225,0.25382932166302,0.259541984732824,0.283582089552239,0.316742081447964,0.327217125382263,0.329268292682927,0.228571428571429,,0.382022471910112
4445,Neutrophils,0.858156028368794,0.87378640776699,0.653465346534654,0.767857142857143,0.734375,0.895348837209302,0.818181818181818,0.712328767123288,0.822784810126582,0.794520547945206,0.876811594202899,0.814432989690722,0.715025906735751,,0.787878787878788,0.882352941176471,0.878787878787879
4453,Placenta-HIGH,0.259911894273128,0.274285714285714,0.178899082568807,0.372549019607843,0.274509803921569,0.217194570135747,0.220689655172414,0.391566265060241,0.214285714285714,0.255813953488372,0.316770186335404,0.427350427350427,0.444816053511706,0.116279069767442,0.115942028985507,0.3625,0.243243243243243
4464,Placenta-HIGH,0.242798353909465,0.236559139784946,0.11731843575419,0.292682926829268,0.348039215686275,0.119205298013245,0.257142857142857,0.279220779220779,0.272493573264781,0.32484076433121,0.314159292035398,0.241758241758242,0.371841155234657,0.232142857142857,,,0.213114754098361
4467,Placenta-HIGH,0.443181818181818,0.505050505050505,0.602941176470588,0.586956521739131,0.582474226804124,0.414285714285714,0.465968586387435,0.624277456647399,0.597069597069597,0.605839416058394,0.512690355329949,0.701754385964912,0.633928571428571,0.604166666666667,0.573770491803279,0.605263157894737,0.730769230769231
4471,Placenta-HIGH,0.142857142857143,0.297872340425532,0.2,0.293785310734463,0.185840707964602,0.0793650793650794,0.258823529411765,0.289473684210526,0.232456140350877,0.343283582089552,0.243589743589744,0.333333333333333,0.39622641509434,,0.53125,0.319148936170213,0.274509803921569
4492,Placenta-HIGH,0.0706713780918728,0.108374384236453,0.106837606837607,0.248780487804878,0.277258566978193,0.0669642857142857,0.0958904109589041,0.133333333333333,0.160944206008584,0.0764705882352941,0.0783132530120482,0.229050279329609,0.158602150537634,0,0.259259259259259,0.0957446808510638,0.0891089108910891
4496,Placenta-HIGH,0.170520231213873,0.269090909090909,0.190871369294606,0.25,0.338028169014085,0.18450184501845,0.24390243902439,0.390134529147982,0.223958333333333,0.302325581395349,0.327044025157233,0.213270142180095,0.400990099009901,,0.0540540540540541,0.392857142857143,0.360655737704918
4539,Placenta-HIGH,0.427631578947368,0.38655462184874,0.36046511627907,0.363636363636364,0.537878787878788,0.344827586206897,0.450867052023121,0.518867924528302,0.484472049689441,0.309090909090909,0.391304347826087,0.398148148148148,0.482758620689655,0.415094339622642,0.363636363636364,,0.614285714285714
4547,Placenta-HIGH,0.331360946745562,0.333333333333333,0.31,0.39344262295082,0.5,0.402061855670103,0.357894736842105,0.491379310344828,0.372549019607843,0.386666666666667,0.324561403508772,0.515151515151515,0.530805687203792,0.305084745762712,0.452380952380952,,0.535211267605634
4560,Placenta-HIGH,0.182481751824818,0.38655462184874,0.209459459459459,0.323529411764706,0.280487804878049,0.141304347826087,0.116666666666667,0.208955223880597,0.233812949640288,0.174242424242424,0.227027027027027,0.288590604026846,0.367768595041322,0.142857142857143,0,,0.385714285714286
4612,Placenta-HIGH,0.299539170506912,0.284974093264249,0.283516483516484,0.295169946332737,0.35959595959596,0.255369928400955,0.269607843137255,0.295843520782396,0.371559633027523,0.320754716981132,0.303571428571429,0.337890625,0.303030303030303,0.247191011235955,0.36231884057971,0.299212598425197,0.443181818181818
4617,Placenta-HIGH,0.352713178294574,0.4296875,0.540425531914894,0.53125,0.613756613756614,0.380952380952381,0.403314917127072,0.524663677130045,0.397233201581028,0.529850746268657,0.451612903225806,0.593548387096774,0.621951219512195,0.5,0.395833333333333,0.5078125,0.717741935483871
4623,Placenta-HIGH,0.435897435897436,0.407407407407407,0.263888888888889,0.38,0.477011494252874,0.1875,0.5,0.52112676056338,0.398058252427184,0.304761904761905,0.388059701492537,0.415384615384615,0.591549295774648,0.176470588235294,,0.333333333333333,0.478260869565217
4626,Placenta-HIGH,0.232718894009217,0.198501872659176,0.227611940298507,0.187311178247734,0.191740412979351,0.148471615720524,0.274436090225564,0.274509803921569,0.180351906158358,0.313993174061433,0.174479166666667,0.333333333333333,0.281967213114754,0.0948905109489051,0.543859649122807,0.147826086956522,0.25503355704698
4637,Placenta-HIGH,0.0355987055016181,0.0466101694915254,0.112179487179487,0.211428571428571,0.235772357723577,0.0222222222222222,0.0409090909090909,0.207547169811321,0.151138716356108,0.0567010309278351,0.119354838709677,0.304545454545455,0.218181818181818,0.108695652173913,0.0657894736842105,0.144578313253012,0.213872832369942
4639,Placenta-HIGH,0.657894736842105,0.523076923076923,0.368852459016393,0.470588235294118,0.454545454545455,0.589147286821706,0.595419847328244,0.478991596638655,0.54368932038835,0.445544554455446,0.584,0.4,0.510416666666667,0.395348837209302,,0.333333333333333,0.581081081081081
4641,Placenta-HIGH,0.0615384615384615,0.0408163265306122,0.0428571428571429,0.138461538461538,0.206521739130435,0.036231884057971,0.0588235294117647,0.21875,0.175572519083969,0.0222222222222222,0.0705882352941176,0.233333333333333,0.291338582677165,0.264705882352941,,0.147058823529412,0.151515151515152
4645,Placenta-HIGH,0.425742574257426,0.379310344827586,0.503105590062112,0.273381294964029,0.416,0.614285714285714,0.384615384615385,0.34020618556701,0.403636363636364,0.326923076923077,0.471830985915493,0.429824561403509,0.657894736842105,,,0.4,0.432432432432432
4652,Placenta-HIGH,0.0894941634241245,0.147368421052632,0.159574468085106,0.218045112781955,0.361702127659575,0.0748663101604278,0.131313131313131,0.289855072463768,0.198142414860681,0.112244897959184,0.179591836734694,0.434210526315789,0.245833333333333,0.0526315789473684,,0.175438596491228,0.608695652173913
4660,Placenta-HIGH,0.468531468531469,0.43801652892562,0.480263157894737,0.594771241830065,0.494623655913979,0.528735632183908,0.371794871794872,0.469387755102041,0.510822510822511,0.476635514018692,0.505952380952381,0.488372093023256,0.588571428571429,,0.371428571428571,0.6,0.382352941176471
4666,Placenta-HIGH,0.292153589315526,0.294784580498866,0.438432835820896,0.396907216494845,0.320463320463321,0.386861313868613,0.25,0.337378640776699,0.260815822002472,0.34983498349835,0.393292682926829,0.437710437710438,0.39236641221374,0.160714285714286,0.154285714285714,0.404761904761905,0.424528301886792
4667,T-cells,0.152027027027027,0.17816091954023,0.182291666666667,0.364532019704434,0.356275303643725,0.132352941176471,0.0655737704918033,0.215384615384615,0.117381489841986,0.147058823529412,0.213592233009709,0.409090909090909,0.240384615384615,0,0.241935483870968,0.12962962962963,0.517857142857143
4694,T-cells,0.0391304347826087,0.0242424242424242,0.03886925795053,0.0369318181818182,0.060126582278481,0.0188679245283019,0.0357142857142857,0.0212765957446809,0.0543933054393306,0.0424528301886792,0.0755287009063444,0.0495049504950495,0.0493562231759657,0.0674157303370787,0.0602409638554217,0.0943396226415094,0.0547945205479452
4738,Placenta-HIGH,0.0233463035019455,0.0974576271186441,0.133603238866397,0.221374045801527,0.300813008130081,0.0353535353535354,0.167701863354037,0.138121546961326,0.0865603644646925,0.0432098765432099,0.0901639344262295,0.291666666666667,0.227397260273973,0.1,0.0454545454545455,0.19811320754717,0.351648351648352
4749,B-cells,0.91869918699187,0.900990099009901,0.904040404040404,0.887387387387387,0.891089108910891,0.912568306010929,0.875,0.908163265306122,0.883720930232558,0.911330049261084,0.902564102564103,0.88265306122449,0.903553299492386,0.837209302325582,,0.862068965517241,0.932584269662921
4750,B-cells,0.95959595959596,0.939655172413793,0.966666666666667,0.91304347826087,0.923566878980892,0.888888888888889,0.973451327433628,0.900990099009901,0.952830188679245,0.950980392156863,0.923387096774194,0.944444444444444,0.94078947368421,0.828571428571429,0.966666666666667,,0.919354838709677
4758,Placenta-HIGH,0.0927152317880795,0.0653266331658292,0.204301075268817,0.341463414634146,0.330677290836653,0.0940594059405941,0.178571428571429,0.404371584699454,0.174825174825175,0.118811881188119,0.233766233766234,0.298507462686567,0.344117647058824,,0.0151515151515152,0.111111111111111,0.208333333333333
4760,Placenta-HIGH,0.404878048780488,0.387254901960784,0.437888198757764,0.552511415525114,0.374407582938389,0.439834024896266,0.39766081871345,0.335329341317365,0.378787878787879,0.543589743589744,0.487068965517241,0.495798319327731,0.437086092715232,0.304347826086957,0.448979591836735,0.721311475409836,0.461538461538462
4762,Neutrophils,0.673469387755102,0.758122743682311,0.68945868945869,0.651785714285714,0.553846153846154,0.71689497716895,0.727748691099477,0.434389140271493,0.681238615664845,0.6289592760181,0.742753623188406,0.626712328767123,0.562945368171021,0.611940298507463,0.652777777777778,0.494623655913979,0.68
4766,Placenta-HIGH,0.227488151658768,0.204724409448819,0.318181818181818,0.283870967741936,0.339393939393939,0.0803571428571429,0.301587301587302,0.375,0.329166666666667,0.253521126760563,0.178723404255319,0.282894736842105,0.235087719298246,0.263157894736842,0.234042553191489,0.161290322580645,0.411764705882353
4772,B-cells,0.976923076923077,0.943181818181818,0.912280701754386,0.9375,0.987804878048781,0.928571428571429,0.946428571428571,0.91566265060241,0.966942148760331,0.875,0.963414634146341,0.961538461538461,0.941176470588235,0.903225806451613,1,,0.947368421052632
4779,T-cells,0.746913580246914,0.814569536423841,0.898089171974522,0.843137254901961,0.868263473053892,0.915254237288136,0.871794871794872,0.888157894736842,0.876623376623377,0.836206896551724,0.861702127659575,0.859756097560976,0.82943143812709,0.8375,0.901960784313725,1,0.714285714285714
4781,Neutrophils,0.641558441558442,0.724747474747475,0.796296296296296,0.702005730659026,0.759450171821306,0.798013245033113,0.687074829931973,0.773255813953488,0.817091454272864,0.759493670886076,0.806153846153846,0.785145888594165,0.748166259168704,0.84,0.766233766233766,0.688311688311688,0.8
4791,B-cells,0.959677419354839,0.8875,0.866396761133603,0.943609022556391,0.905172413793103,0.909090909090909,0.922727272727273,0.958083832335329,0.929313929313929,0.928,0.896551724137931,0.905138339920949,0.901913875598086,0.869047619047619,0.833333333333333,1,0.777777777777778
4797,B-cells,0.871473354231975,0.910204081632653,0.920152091254753,0.87248322147651,0.910394265232975,0.85929648241206,0.910958904109589,0.905172413793103,0.857881136950904,0.853503184713376,0.848275862068966,0.890151515151515,0.895833333333333,0.804123711340206,0.984126984126984,0.878378378378378,0.931034482758621
4798,B-cells,0.896551724137931,0.916666666666667,0.938202247191011,0.923076923076923,0.921348314606742,0.928571428571429,0.902985074626866,0.9453125,0.882539682539683,0.88,0.934343434343434,0.885714285714286,0.898678414096916,0.947368421052632,1,0.826666666666667,0.935483870967742
4799,B-cells,0.883870967741936,0.767241379310345,0.890756302521008,0.892857142857143,0.872727272727273,0.925170068027211,0.882352941176471,0.673913043478261,0.85929648241206,0.892307692307692,0.885245901639344,0.794117647058824,0.811111111111111,0.81578947368421,,,
4802,Placenta-HIGH,0.405247813411079,0.491150442477876,0.521035598705502,0.607773851590106,0.52536231884058,0.483552631578947,0.5,0.677083333333333,0.479713603818616,0.383333333333333,0.49671052631579,0.618604651162791,0.548648648648649,0.390909090909091,0.341176470588235,0.671052631578947,0.610526315789474
4804,Placenta-HIGH,0.445783132530121,0.61038961038961,0.424528301886792,0.574257425742574,0.641304347826087,0.490566037735849,0.477064220183486,0.573529411764706,0.36875,0.515789473684211,0.559139784946237,0.67,0.572916666666667,0.258064516129032,,0.612903225806452,
4812,Placenta-HIGH,0.218181818181818,0.276923076923077,0.27972027972028,0.274509803921569,0.235059760956175,0.270588235294118,0.226315789473684,0.404411764705882,0.205673758865248,0.318181818181818,0.28125,0.394849785407725,0.469135802469136,0.2,0.169014084507042,0.181818181818182,0.442857142857143
4816,Placenta-HIGH,0.0655270655270655,0.0358744394618834,0.112781954887218,0.213592233009709,0.319488817891374,0.0434782608695652,0.0727272727272727,0.216326530612245,0.164310954063604,0.170731707317073,0.235507246376812,0.231939163498099,0.321329639889197,0.142857142857143,0.0289855072463768,0.164383561643836,0.227272727272727
4827,Placenta-HIGH,0.363436123348018,0.351578947368421,0.363166953528399,0.395866454689984,0.386513157894737,0.302469135802469,0.392059553349876,0.408060453400504,0.389233954451346,0.271062271062271,0.253638253638254,0.425480769230769,0.436102236421725,0.444444444444444,0.309278350515464,0.6328125,0.524324324324324
4828,Placenta-HIGH,0.0848214285714286,0.119760479041916,0.133640552995392,0.194594594594595,0.228,0.0426829268292683,0.062992125984252,0.136612021857924,0.256723716381418,0.214285714285714,0.136531365313653,0.196629213483146,0.310850439882698,0,0,0.145454545454545,0.0217391304347826
4833,Placenta-HIGH,0.274932614555256,0.25,0.195652173913043,0.470588235294118,0.39193083573487,0.288888888888889,0.255905511811024,0.374517374517375,0.227606461086637,0.32421875,0.274853801169591,0.368627450980392,0.382716049382716,0.106666666666667,0.192307692307692,0.392523364485981,0.423611111111111
4838,B-cells,0.0175438596491228,0.07,0.0236220472440945,0.0421052631578947,0,0.0285714285714286,0.0483870967741936,0.00862068965517241,0.0147783251231527,0,0.0761904761904762,0.0225563909774436,0.0414201183431953,,,0,0
4871,Placenta-HIGH,0.075046904315197,0.165289256198347,0.130030959752322,0.179245283018868,0.194323144104804,0.062780269058296,0.187134502923977,0.221122112211221,0.16510067114094,0.0940594059405941,0.133838383838384,0.174545454545455,0.345833333333333,0.055045871559633,0.293103448275862,0.313253012048193,0.0952380952380952
4875,Placenta-HIGH,0.0701107011070111,0.108108108108108,0.0971428571428571,0.233480176211454,0.197674418604651,0.0531400966183575,0.151724137931034,0.25,0.127226463104326,0.0689655172413793,0.115384615384615,0.193548387096774,0.300429184549356,,0.106060606060606,0.153846153846154,0.225806451612903
4879,Placenta-HIGH,0.0816326530612245,0.146067415730337,0.141304347826087,0.102941176470588,0.228070175438597,0.154545454545455,0.241071428571429,0.171052631578947,0.139784946236559,0.190082644628099,0.107843137254902,0.244274809160305,0.25609756097561,0.243243243243243,0.0222222222222222,0.225806451612903,0.333333333333333
4891,Neutrophils,0.69683257918552,0.481481481481482,0.662921348314607,0.518367346938776,0.449101796407186,0.420212765957447,0.458333333333333,0.496503496503497,0.515320334261839,0.496644295302014,0.452586206896552,0.632286995515695,0.559375,0.486111111111111,0.433333333333333,0.608108108108108,0.611111111111111
4896,B-cells,0.896296296296296,0.86,0.821705426356589,0.755458515283843,0.72027972027972,0.747474747474748,0.828828828828829,0.802816901408451,0.883458646616541,0.8,0.808510638297872,0.726315789473684,0.776923076923077,0.842105263157895,0.617647058823529,0.685714285714286,0.878787878787879
4903,B-cells,0.88659793814433,0.86046511627907,0.828571428571429,0.855932203389831,0.922077922077922,0.895522388059702,0.813953488372093,0.888888888888889,0.854166666666667,0.88034188034188,0.888888888888889,0.958333333333333,0.92,,,0.840909090909091,0.868421052631579
4908,B-cells,0.936842105263158,0.857142857142857,0.902597402597403,0.785276073619632,0.798701298701299,0.933823529411765,0.907407407407407,0.852713178294574,0.865079365079365,0.817307692307692,0.795620437956204,0.734375,0.694835680751174,0.814285714285714,0.883720930232558,0.804347826086957,0.794871794871795
4909,B-cells,0.91705069124424,0.82183908045977,0.920704845814978,0.854700854700855,0.836431226765799,0.897163120567376,0.915555555555556,0.838888888888889,0.858356940509915,0.927710843373494,0.861660079051383,0.846938775510204,0.83252427184466,0.887096774193548,1,0.848484848484848,0.904109589041096
4916,Neutrophils,0.678947368421053,0.570731707317073,0.670103092783505,0.613924050632912,0.582329317269076,0.594285714285714,0.737864077669903,0.555555555555556,0.681034482758621,0.662068965517241,0.634042553191489,0.729166666666667,0.641558441558442,0.509433962264151,0.796610169491525,0.697478991596639,0.71304347826087
4927,Placenta-HIGH,0.329004329004329,0.242857142857143,0.428571428571429,0.416666666666667,0.566666666666667,0.432835820895522,0.342281879194631,0.596153846153846,0.575851393188855,0.413223140495868,0.405660377358491,0.433070866141732,0.551948051948052,0.595744680851064,0.468085106382979,0.514285714285714,0.547619047619048
4930,B-cells,0.873333333333333,0.808,0.863636363636364,0.869109947643979,0.840796019900498,0.857142857142857,0.868613138686131,0.882352941176471,0.831683168316832,0.85,0.855721393034826,0.773809523809524,0.874439461883408,0.764705882352941,,0.705882352941177,0.843137254901961
4931,Neutrophils,0.75609756097561,0.690666666666667,0.679525222551929,0.62882096069869,0.64,0.737373737373737,0.660919540229885,0.644268774703557,0.721739130434783,0.579710144927536,0.70326409495549,0.537254901960784,0.620967741935484,0.773333333333333,0.726027397260274,0.634328358208955,0.540740740740741
4939,B-cells,0.867021276595745,0.88265306122449,0.91219512195122,0.844897959183674,0.889570552147239,0.89041095890411,0.938095238095238,0.885714285714286,0.899053627760252,0.894736842105263,0.875776397515528,0.858108108108108,0.890710382513661,0.9,0.823529411764706,0.892857142857143,0.894736842105263
4948,B-cells,0.895652173913044,0.914893617021277,0.907563025210084,0.91304347826087,0.864661654135338,0.906976744186047,0.919540229885057,0.907407407407407,0.916666666666667,0.954545454545455,0.915032679738562,0.867924528301887,0.904761904761905,,,0.904761904761905,0.9375
4950,Placenta-HIGH,0.515789473684211,0.492063492063492,0.558441558441558,0.552941176470588,0.581967213114754,0.474683544303797,0.435483870967742,0.505263157894737,0.548611111111111,0.405405405405405,0.555555555555556,0.592920353982301,0.6,0.612903225806452,,,
4962,Placenta-HIGH,0.00763358778625954,0.0359712230215827,0.0627177700348432,0.222222222222222,0.289655172413793,0.0338164251207729,0.00833333333333333,0.27906976744186,0.171270718232044,0.144736842105263,0.19047619047619,0.235772357723577,0.519230769230769,0.138461538461538,,0.0987654320987654,0.52
4964,Placenta-HIGH,0.405228758169935,0.583941605839416,0.51685393258427,0.515384615384615,0.644927536231884,0.494845360824742,0.389312977099237,0.557692307692308,0.482352941176471,0.410714285714286,0.546875,0.457142857142857,0.560240963855422,0.375,,0.25531914893617,0.594594594594595
4966,Placenta-HIGH,0.0466321243523316,0.0642201834862385,0.126506024096386,0.189814814814815,0.212435233160622,0.120418848167539,0.0514705882352941,0.157232704402516,0.119453924914676,0.141176470588235,0.166666666666667,0.248175182481752,0.265402843601896,0.285714285714286,,0.338709677419355,0.580645161290323
4968,Placenta-HIGH,0.34965034965035,0.127906976744186,0.113475177304965,0.25,0.244094488188976,0.232558139534884,0.19811320754717,0.208333333333333,0.241206030150754,0.206349206349206,0.3515625,0.367469879518072,0.328638497652582,,0.214285714285714,,0.294117647058824
4970,B-cells,0.94,0.90990990990991,0.883928571428571,0.911764705882353,0.863636363636364,0.859259259259259,0.914285714285714,0.905797101449275,0.900552486187845,0.911764705882353,0.842857142857143,0.882882882882883,0.909677419354839,,0.90625,0.769230769230769,0.840909090909091
4974,B-cells,0.780487804878049,0.730496453900709,0.740963855421687,0.705314009661836,0.74869109947644,0.752808988764045,0.718085106382979,0.755681818181818,0.8023598820059,0.736842105263158,0.74390243902439,0.758620689655172,0.777049180327869,0.862068965517241,0.685714285714286,0.75,0.869158878504673
4985,B-cells,0.867924528301887,0.930232558139535,0.903703703703704,0.847826086956522,0.88495575221239,0.830645161290323,0.915254237288136,0.8515625,0.875,0.897196261682243,0.914529914529914,0.853658536585366,0.871428571428572,,,0.782608695652174,0.892307692307692
4990,B-cells,0.839285714285714,0.836734693877551,0.763713080168776,0.843478260869565,0.880478087649402,0.847161572052402,0.883895131086142,0.861607142857143,0.791666666666667,0.828220858895705,0.839080459770115,0.90272373540856,0.842783505154639,0.888888888888889,0.879310344827586,0.807692307692308,0.907216494845361
4999,Placenta-HIGH,0.0175438596491228,0.116504854368932,0.168141592920354,0.165413533834586,0.257731958762887,0.0119760479041916,0.0606060606060606,0.458646616541353,0.265560165975104,0.253012048192771,0.260162601626016,0.344827586206897,0.291666666666667,,,0.269230769230769,
5009,Placenta-HIGH,0.0567010309278351,0.0538461538461539,0.0466321243523316,0.221649484536082,0.303225806451613,0.0892857142857143,0.0194174757281553,0.18796992481203,0.166666666666667,0.212121212121212,0.139393939393939,0.309352517985612,0.0775862068965517,0.210526315789474,0.0588235294117647,0.3,0.171428571428571
5014,Placenta-HIGH,0.465909090909091,0.5,0.291666666666667,0.525547445255475,0.352517985611511,0.535947712418301,0.528455284552846,0.518248175182482,0.437699680511182,0.275590551181102,0.388571428571429,0.681818181818182,0.417582417582418,,0.535714285714286,,
5015,Placenta-HIGH,0.298507462686567,0.227941176470588,0.28921568627451,0.361809045226131,0.442424242424243,0.217647058823529,0.223529411764706,0.273972602739726,0.292620865139949,0.301587301587302,0.312101910828025,0.435754189944134,0.311475409836066,0.1,0.156862745098039,0.347826086956522,0.395604395604396
5031,B-cells,0.967320261437908,0.943661971830986,0.875,0.91812865497076,0.918367346938776,0.96039603960396,0.836477987421384,0.921182266009852,0.908854166666667,0.904,0.909547738693467,0.920353982300885,0.909657320872274,0.913461538461539,0.926470588235294,0.916666666666667,0.893203883495146
5032,Placenta-HIGH,0.467455621301775,0.560975609756098,0.536764705882353,0.677631578947369,0.605555555555556,0.584415584415584,0.610294117647059,0.605839416058394,0.617021276595745,0.557522123893805,0.536423841059603,0.658536585365854,0.668449197860963,0.515151515151515,0.45945945945946,0.539473684210526,0.621621621621622
5040,Placenta-HIGH,0.0804020100502513,0.0994152046783626,0.0536912751677852,0.273109243697479,0.226666666666667,0.129213483146067,0.105691056910569,0.211009174311927,0.2171581769437,0.116883116883117,0.143884892086331,0.151315789473684,0.228215767634855,0,,0.0483870967741936,0.25
5065,Neutrophils,0.83710407239819,0.668789808917197,0.728915662650602,0.685567010309278,0.790540540540541,0.68,0.66497461928934,0.822085889570552,0.707395498392283,0.84251968503937,0.791304347826087,0.778280542986425,0.722033898305085,0.468085106382979,0.694444444444445,0.659090909090909,0.699029126213592
5083,Placenta-HIGH,0.283870967741936,0.246696035242291,0.372549019607843,0.556818181818182,0.439130434782609,0.364077669902913,0.264957264957265,0.45945945945946,0.336263736263736,0.318840579710145,0.423913043478261,0.533898305084746,0.417989417989418,0.142857142857143,0.426470588235294,0.385321100917431,0.463768115942029
5091,Neutrophils,0.717557251908397,0.550387596899225,0.666666666666667,0.773333333333333,0.789473684210526,0.618181818181818,0.569105691056911,0.718181818181818,0.833333333333333,0.676923076923077,0.74,0.730769230769231,0.724489795918367,0.805555555555556,0.764705882352941,,0.645833333333333
5097,Placenta-HIGH,0.269972451790634,0.28,0.19758064516129,0.364130434782609,0.279365079365079,0.321917808219178,0.213375796178344,0.302777777777778,0.207848837209302,0.213523131672598,0.216129032258065,0.428070175438597,0.334080717488789,0.185714285714286,0.326530612244898,0.382352941176471,0.569444444444445
5106,Placenta-HIGH,0.253012048192771,0.2875,0.238095238095238,0.219178082191781,0.466666666666667,0.10752688172043,0.313253012048193,0.409090909090909,0.411347517730496,0.305555555555556,0.301075268817204,0.156626506024096,0.313725490196078,,0.192982456140351,0.327586206896552,0.260869565217391
5109,Placenta-HIGH,0.13265306122449,0.261682242990654,0.26,0.281818181818182,0.265151515151515,0.307692307692308,0.238805970149254,0.278350515463918,0.174193548387097,0.235294117647059,0.285714285714286,0.298245614035088,0.409836065573771,,,,
5112,T-cells,0.132231404958678,0.195402298850575,0.232142857142857,0.178294573643411,0.131147540983607,0.157894736842105,0.0970873786407767,0.181818181818182,0.118012422360248,0.0232558139534884,0.157894736842105,0.157894736842105,0.201834862385321,,,,
5125,B-cells,0.781818181818182,0.76,0.762430939226519,0.68936170212766,0.637755102040816,0.736842105263158,0.716666666666667,0.63768115942029,0.653696498054475,0.671428571428571,0.719424460431655,0.80952380952381,0.562248995983936,0.727272727272727,0.607843137254902,,0.606060606060606
5142,Placenta-HIGH,0.664772727272727,0.830434782608696,0.767857142857143,0.711428571428571,0.675603217158177,0.835164835164835,0.845559845559846,0.608365019011407,0.738390092879257,0.767123287671233,0.769230769230769,0.778523489932886,0.757425742574258,0.925925925925926,0.78,0.764227642276423,0.652892561983471
5183,Placenta-HIGH,0.267657992565056,0.302904564315353,0.284745762711864,0.379821958456973,0.356009070294785,0.269503546099291,0.38785046728972,0.357638888888889,0.322515212981744,0.378947368421053,0.386138613861386,0.474747474747475,0.398773006134969,0.302325581395349,0.261904761904762,0.263157894736842,0.169811320754717
5216,Placenta-HIGH,0.114864864864865,0.153846153846154,0.125628140703518,0.193370165745856,0.16243654822335,0.188405797101449,0.17948717948718,0.124087591240876,0.16887417218543,0.157894736842105,0.13125,0.216049382716049,0.197183098591549,0.0487804878048781,0.0294117647058824,,0.247058823529412
5221,Placenta-HIGH,0.267857142857143,0.509485094850949,0.436018957345972,0.626822157434402,0.627539503386005,0.450310559006211,0.440909090909091,0.453125,0.5,0.420814479638009,0.434659090909091,0.545454545454545,0.556586270871985,0.491228070175439,0.388888888888889,0.489795918367347,0.538461538461538
5237,Placenta-HIGH,0.358267716535433,0.273584905660377,0.251851851851852,0.390361445783133,0.445378151260504,0.203921568627451,0.422680412371134,0.2996632996633,0.238993710691824,0.305676855895197,0.259414225941423,0.282485875706215,0.308571428571429,0.230263157894737,0.328767123287671,0.494505494505495,0.471544715447155
5246,Placenta-HIGH,0.073394495412844,0.0394736842105263,0.164556962025316,0.164179104477612,0.197916666666667,0.02,0.09375,0.0735294117647059,0.0898876404494382,0.208333333333333,0.145985401459854,0.170454545454545,0.128205128205128,,0.181818181818182,,0.477272727272727
5253,Placenta-HIGH,0.319148936170213,0.456,0.389655172413793,0.466911764705882,0.415254237288136,0.407035175879397,0.384210526315789,0.511737089201878,0.368085106382979,0.488479262672811,0.493927125506073,0.463333333333333,0.558472553699284,0.411764705882353,0.458333333333333,0.46551724137931,0.576923076923077
5254,Placenta-HIGH,0.441037735849057,0.397683397683398,0.435643564356436,0.477011494252874,0.43768115942029,0.369718309859155,0.40625,0.475862068965517,0.411003236245955,0.350694444444444,0.46583850931677,0.523809523809524,0.546279491833031,0.369565217391304,0.466019417475728,0.442953020134228,0.56353591160221
5255,Placenta-HIGH,0.351515151515152,0.424242424242424,0.472222222222222,0.494252873563218,0.514705882352941,0.517730496453901,0.383838383838384,0.560606060606061,0.635036496350365,0.443037974683544,0.377622377622378,0.65625,0.529411764705882,0.604651162790698,,,
5256,Placenta-HIGH,0.682464454976303,0.653543307086614,0.680327868852459,0.717514124293785,0.744360902255639,0.661538461538462,0.65,0.528089887640449,0.639175257731959,0.774647887323944,0.596273291925466,0.635036496350365,0.69140625,,,0.767441860465116,0.755555555555556
5278,T-cells,0.103092783505155,0.0522875816993464,0.0514285714285714,0.138211382113821,0.161538461538462,0.157894736842105,0.15,0.0608695652173913,0.0969387755102041,0.102272727272727,0.073394495412844,0.0547945205479452,0.18796992481203,,,0.161290322580645,0.161290322580645
5284,Placenta-HIGH,0.514492753623188,0.575221238938053,0.549668874172185,0.557692307692308,0.463576158940397,0.489655172413793,0.279569892473118,0.686567164179104,0.487603305785124,0.450980392156863,0.474025974025974,0.559322033898305,0.409395973154362,0.375,0.416666666666667,0.647058823529412,0.7
5306,Placenta-HIGH,0.0621468926553672,0.17816091954023,0.107142857142857,0.221556886227545,0.216666666666667,0.0681818181818182,0.115107913669065,0.288288288288288,0.185714285714286,0.0647482014388489,0.155172413793103,0.255474452554745,0.218884120171674,0.303030303030303,0.205882352941176,,0
5312,Placenta-HIGH,0.746192893401015,0.611814345991561,0.518518518518519,0.620309050772627,0.528248587570622,0.598566308243728,0.625874125874126,0.490963855421687,0.479541734860884,0.621399176954733,0.498360655737705,0.634204275534442,0.497053045186641,0.753623188405797,0.508333333333333,0.611111111111111,0.626086956521739
5326,Placenta-HIGH,0.0893854748603352,0.115384615384615,0.154838709677419,0.188073394495413,0.384615384615385,0.279220779220779,0.235294117647059,0.267605633802817,0.115606936416185,0.338983050847458,0.18018018018018,0.36734693877551,0.263959390862944,,,0.207547169811321,0.322033898305085
5338,Placenta-HIGH,0.104166666666667,0.0606060606060606,0.0845070422535211,0.38,0.259259259259259,0.0888888888888889,0.0853658536585366,0.271428571428571,0.165354330708661,0.119402985074627,0.0210526315789474,0.132352941176471,0.300653594771242,,0.0888888888888889,,0.287878787878788
5344,B-cells,0.855491329479769,0.822368421052632,0.870967741935484,0.807692307692308,0.839080459770115,0.928934010152284,0.874213836477987,0.914396887159533,0.782296650717703,0.896341463414634,0.810945273631841,0.832558139534884,0.791095890410959,0.763636363636364,,0.866666666666667,0.830985915492958
5358,B-cells,0.925233644859813,0.871428571428572,0.792452830188679,0.759259259259259,0.73943661971831,0.817307692307692,0.85981308411215,0.87378640776699,0.86734693877551,0.763636363636364,0.89,0.804195804195804,0.838983050847458,,,0.705882352941177,0.893617021276596
5367,Placenta-HIGH,0.270893371757925,0.225563909774436,0.258928571428571,0.334661354581673,0.364077669902913,0.357723577235772,0.27536231884058,0.293650793650794,0.279545454545455,0.378947368421053,0.356164383561644,0.463636363636364,0.483483483483484,0.348837209302326,0.266666666666667,0.357142857142857,0.269662921348315
5370,Placenta-HIGH,0.381443298969072,0.375,0.51,0.37984496124031,0.464788732394366,0.449152542372881,0.431693989071038,0.444444444444444,0.473429951690821,0.354838709677419,0.410852713178295,0.520958083832335,0.429292929292929,0.441176470588235,,,
5388,Placenta-HIGH,0.62,0.545454545454545,0.552083333333333,0.660869565217391,0.675324675324675,0.491803278688525,0.681318681318681,0.715789473684211,0.447058823529412,0.615384615384615,0.575,0.653061224489796,0.70945945945946,,0.764705882352941,,
5396,Placenta-HIGH,0.293333333333333,0.214876033057851,0.285714285714286,0.310126582278481,0.412698412698413,0.194444444444444,0.260162601626016,0.358333333333333,0.267489711934156,0.316546762589928,0.243243243243243,0.325153374233129,0.437837837837838,0.333333333333333,0.317073170731707,0.555555555555556,0.428571428571429
5400,Placenta-HIGH,0.235537190082645,0.229268292682927,0.265625,0.238095238095238,0.335640138408305,0.220883534136546,0.176470588235294,0.252427184466019,0.309002433090024,0.175324675324675,0.205035971223022,0.366666666666667,0.397553516819572,0.120689655172414,0.1875,0.234375,0.359550561797753
5404,B-cells,0.909090909090909,0.958333333333333,0.935960591133005,0.880165289256198,0.897959183673469,0.961722488038277,0.913793103448276,0.917721518987342,0.888544891640867,0.895348837209302,0.958333333333333,0.947169811320755,0.931034482758621,0.923076923076923,0.911764705882353,0.877551020408163,0.884210526315789
5460,B-cells,0.0126984126984127,0.0244755244755245,0.0454545454545455,0.0382165605095541,0.0127659574468085,0.00888888888888889,0.00934579439252336,0.0104895104895105,0.00665188470066519,0,0.00390625,0.00568181818181818,0.0341880341880342,0.0232558139534884,0.0194174757281553,0.0178571428571429,0
5462,T-cells,0.0327868852459016,0,0.0465116279069768,0.0363636363636364,0.0394736842105263,0,0.0103092783505155,0,0.013953488372093,0.0467289719626168,0.00694444444444444,0.0204081632653061,0.0530973451327434,0,,,0
5467,Placenta-HIGH,0.437956204379562,0.440816326530612,0.593301435406699,0.71,0.57085020242915,0.47196261682243,0.580110497237569,0.616915422885572,0.578587699316629,0.68018018018018,0.567796610169492,0.812,0.710691823899371,0.702380952380952,0.772727272727273,0.766666666666667,0.56140350877193
5469,Placenta-HIGH,0.197604790419162,0.1875,0.0990990990990991,0.272727272727273,0.23030303030303,0.0916666666666667,0.157303370786517,0.317757009345794,0.148854961832061,0.184210526315789,0.227941176470588,0.4765625,0.315789473684211,,0.0277777777777778,,0.488372093023256
5475,Placenta-HIGH,0.0373831775700935,0.0674157303370787,0.0860215053763441,0.210084033613445,0.28,0.0763358778625954,0.0412371134020619,0.123076923076923,0.0764331210191083,0.0756302521008403,0.115384615384615,0.189393939393939,0.17687074829932,0.0857142857142857,,0.0333333333333333,
5493,Placenta-HIGH,0.0766961651917404,0.0786516853932584,0.162790697674419,0.272189349112426,0.186813186813187,0.055793991416309,0.110497237569061,0.156779661016949,0.195777351247601,0.140127388535032,0.188888888888889,0.302631578947368,0.327225130890052,0,0,0.267857142857143,0.336134453781513
5502,T-cells,0.03125,0.0602409638554217,0.0238095238095238,0,0.0172413793103448,0.0327868852459016,,,0.0606060606060606,0.0212765957446809,0,0.0178571428571429,0.037037037037037,,,,
5511,Placenta-HIGH,0.247663551401869,0.224137931034483,0.252,0.312741312741313,0.281938325991189,0.163522012578616,0.214285714285714,0.352459016393443,0.246943765281174,0.359223300970874,0.25,0.347368421052632,0.320855614973262,0.228571428571429,0.214285714285714,0.241935483870968,0.191919191919192
5528,Placenta-HIGH,0.268292682926829,0.345454545454545,0.327731092436975,0.344827586206897,0.392857142857143,0.272727272727273,0.303703703703704,0.216216216216216,0.304347826086957,0.411111111111111,0.335443037974684,0.406779661016949,0.373239436619718,0.351351351351351,,0.333333333333333,0.484375
5541,Placenta-HIGH,0.159533073929961,0.337423312883436,0.134199134199134,0.390374331550802,0.242063492063492,0.106598984771574,0.29608938547486,0.204878048780488,0.171875,0.184,0.119354838709677,0.320261437908497,0.36271186440678,0.16,,0.231884057971015,0.351351351351351
5542,B-cells,0.885964912280702,0.777777777777778,0.755102040816326,0.792452830188679,0.742424242424242,0.766990291262136,0.735849056603774,0.777777777777778,0.782894736842105,0.806451612903226,0.758620689655172,0.825688073394496,0.816,,,,
5548,Placenta-HIGH,0.101492537313433,0.0670103092783505,0.0714285714285714,0.132616487455197,0.20327868852459,0.076555023923445,0.112299465240642,0.139896373056995,0.121338912133891,0.141104294478528,0.17515923566879,0.231759656652361,0.189910979228487,0.0625,0.0567375886524823,0.194029850746269,0.234042553191489
5549,Placenta-HIGH,0.032967032967033,0.146341463414634,0.0408163265306122,0.16,0.166666666666667,0.0727272727272727,0.0483870967741936,0.075,0.149532710280374,0.025,0.0769230769230769,0.215686274509804,0.1,,,,
5570,Placenta-HIGH,0.00632911392405063,0.142857142857143,0.192771084337349,0.212389380530973,0.23728813559322,0.0884353741496599,0.0879120879120879,0.287037037037037,0.165217391304348,0,0.0747663551401869,0.447916666666667,0.282608695652174,,,,0.287671232876712
5589,B-cells,0.955357142857143,0.927884615384615,0.873239436619718,0.783687943262411,0.735802469135803,0.935943060498221,0.951388888888889,0.762068965517241,0.847512038523275,0.862385321100918,0.861751152073733,0.838487972508591,0.803660565723794,0.943396226415094,0.87719298245614,0.766129032258065,0.714285714285714
5595,Placenta-HIGH,0.432608695652174,0.492795389048991,0.477815699658703,0.537558685446009,0.490196078431373,0.470319634703196,0.398860398860399,0.536516853932584,0.33532041728763,0.597938144329897,0.482843137254902,0.608355091383812,0.591876208897486,0.813953488372093,0.522388059701493,0.712121212121212,0.542857142857143
5598,Neutrophils,0.784688995215311,0.607272727272727,0.585585585585586,0.597701149425287,0.658767772511848,0.545454545454545,0.639175257731959,0.636363636363636,0.605405405405405,0.576687116564417,0.534653465346535,0.698412698412698,0.701587301587302,0.843137254901961,0.459016393442623,0.613636363636364,0.708860759493671
5599,Neutrophils,0.705882352941177,0.646766169154229,0.626609442060086,0.694006309148265,0.755555555555556,0.59748427672956,0.432624113475177,0.59,0.631130063965885,0.545454545454545,0.643122676579926,0.668161434977579,0.554016620498615,0.511111111111111,,0.447761194029851,0.782258064516129
5630,Placenta-HIGH,0.341269841269841,0.348623853211009,0.25,0.411214953271028,0.285714285714286,0.236111111111111,0.260162601626016,0.337078651685393,0.370892018779343,0.317757009345794,0.401785714285714,0.292682926829268,0.416107382550336,0.0540540540540541,,,0.285714285714286
5633,Placenta-HIGH,0.108974358974359,0.0166666666666667,0.102362204724409,0.138157894736842,0.369230769230769,0.205357142857143,0.180851063829787,0.120879120879121,0.107476635514019,0.1328125,0.135714285714286,0.338345864661654,0.239819004524887,,,0.0652173913043478,0.1875
5647,Neutrophils,0.587155963302752,0.385964912280702,0.589041095890411,0.678571428571429,0.68141592920354,0.472,0.638297872340426,0.75609756097561,0.62962962962963,0.686046511627907,0.672897196261682,0.739837398373984,0.6,,0.645161290322581,0.771428571428571,
5657,T-cells,0.891891891891892,0.892857142857143,0.908163265306122,0.929411764705882,0.952941176470588,0.915966386554622,0.896825396825397,0.840909090909091,0.908496732026144,0.852459016393443,0.946428571428571,0.919540229885057,0.852941176470588,0.872340425531915,0.84375,,0.866666666666667
5665,Placenta-HIGH,0.0911458333333333,0.161616161616162,0.0992167101827676,0.163522012578616,0.168115942028986,0.163461538461538,0.136363636363636,0.188829787234043,0.105263157894737,0.153005464480874,0.0930930930930931,0.216867469879518,0.202185792349727,0,0.0847457627118644,0.17910447761194,0.271428571428571
5700,B-cells,0.927745664739884,0.896103896103896,0.912408759124088,0.944444444444444,0.944625407166124,0.941747572815534,0.910852713178295,0.955684007707129,0.950207468879668,0.923387096774194,0.938271604938272,0.940993788819876,0.938704028021016,0.955056179775281,0.912621359223301,0.900900900900901,0.95364238410596
5710,B-cells,0.935153583617747,0.922619047619048,0.977099236641221,0.934343434343434,0.925133689839572,0.907284768211921,0.94375,0.884615384615385,0.903954802259887,0.916666666666667,0.908675799086758,0.927272727272727,0.941818181818182,0.854166666666667,0.959459459459459,0.928571428571429,0.92156862745098
5727,T-cells,0.932270916334661,0.882758620689655,0.922178988326848,0.919191919191919,0.909433962264151,0.971014492753623,0.949044585987261,0.924107142857143,0.899182561307902,0.902173913043478,0.922018348623853,0.933333333333333,0.936241610738255,0.907407407407407,0.861111111111111,0.964285714285714,0.926605504587156
5777,Placenta-HIGH,0.631578947368421,0.652719665271967,0.543165467625899,0.603580562659847,0.608414239482201,0.595330739299611,0.65948275862069,0.587458745874588,0.60752688172043,0.591397849462366,0.545673076923077,0.58955223880597,0.711956521739131,0.566666666666667,0.440860215053763,0.438356164383562,0.606060606060606
5798,B-cells,0.921052631578947,0.864661654135338,0.922413793103448,0.9375,0.883720930232558,0.941558441558442,0.925925925925926,0.945736434108527,0.911538461538461,0.952941176470588,0.92090395480226,0.91358024691358,0.940944881889764,0.870967741935484,,0.945454545454546,0.924528301886792
5804,B-cells,0.911392405063291,0.937888198757764,0.839779005524862,0.925531914893617,0.90625,0.891472868217054,0.901098901098901,0.935672514619883,0.92,0.888888888888889,0.905882352941176,0.916030534351145,0.941176470588235,0.875,,0.930232558139535,0.885245901639344
5813,Placenta-HIGH,0.0246913580246914,0.0517241379310345,0.1,0.183673469387755,0.247058823529412,0.128571428571429,0.0945945945945946,0.0625,0.0990990990990991,0.147540983606557,0.146666666666667,0.152542372881356,0.155555555555556,,,,
5815,Placenta-HIGH,0.269461077844311,0.130841121495327,0.115702479338843,0.160583941605839,0.278350515463918,0.0434782608695652,0.149122807017544,0.234042553191489,0.384180790960452,0.215909090909091,0.134328358208955,0.120689655172414,0.236686390532544,,0,0.180327868852459,0.211538461538462
5817,Placenta-HIGH,0.113756613756614,0.0421455938697318,0.127562642369021,0.224274406332454,0.291666666666667,0.203389830508475,0.145454545454545,0.248927038626609,0.239240506329114,0.254335260115607,0.19047619047619,0.41304347826087,0.309037900874636,,0.0307692307692308,0.169230769230769,0.196969696969697
