motif_id,tf,cand_hit,cand_n,hypo_hit,hypo_n,hyper_hit,hyper_n,bg_hit,bg_n,or,p_fisher,p_bh
MA2538.1,CGGBP1,1,166,0,61,1,105,222,2458,0.061042861042861,8.55224696054681e-06,0.0142052822014682
MA0259.1,ARNT::HIF1A,82,166,27,61,55,105,1626,2458,0.499502137878522,2.22449521723814e-05,0.0184744327791627
MA1951.1,FOS,6,166,0,61,6,105,6,2458,15.325,3.93942093846684e-05,0.0218112605959781
MA1951.2,FOS,6,166,0,61,6,105,7,2458,13.1303571428571,6.93478379880355e-05,0.0287966897245318
MA0095.2,YY1,26,166,4,61,22,105,176,2458,2.40795454545455,0.000393181630731127,0.10576680303575
MA1721.1,ZNF93,0,166,0,61,0,105,123,2458,0,0.000445614906381149,0.10576680303575
MA2583.1,ZNF142,0,166,0,61,0,105,127,2458,0,0.000480035121815709,0.10576680303575
MA1499.1,HOXB4,121,166,42,61,79,105,2065,2458,0.511735270379338,0.000509412657607465,0.10576680303575
MA1650.2,ZBTB14,13,166,4,61,9,105,438,2458,0.391858417644074,0.000595845578203239,0.10996661171062
MA0794.1,PROX1,5,166,0,61,5,105,9,2458,8.45065562456867,0.00119663551050733,0.198761158295267
MA1106.1,HIF1A,39,166,12,61,27,105,877,2458,0.553596279370438,0.00133134949771071,0.201033774154317
MA0500.2,MYOG,41,166,13,61,28,105,890,2458,0.577869662921348,0.00249126078171343,0.284117181863906
MA1721.2,ZNF93,3,166,2,61,1,105,186,2458,0.224816940431427,0.00278394352985112,0.284117181863906
MA1729.1,ZNF680,6,166,2,61,4,105,18,2458,5.08333333333333,0.0030294596977448,0.284117181863906
MA0763.2,ETV3,29,166,9,61,20,105,237,2458,1.98370753641935,0.00306991834961028,0.284117181863906
MA1102.3,CTCFL,48,166,19,61,29,105,999,2458,0.594085611034764,0.00309478917392497,0.284117181863906
MA0105.3,NFKB1,16,166,10,61,6,105,454,2458,0.470837004405286,0.00322842222414302,0.284117181863906
MA1563.2,SOX18,130,166,46,61,84,105,2136,2458,0.544371618809821,0.0032582632002551,0.284117181863906
MA1560.2,SOHLH2,19,166,6,61,13,105,507,2458,0.497376860014223,0.00350919725073931,0.284117181863906
MA0703.3,LMX1B,56,166,18,61,38,105,1120,2458,0.608181818181818,0.0035867405852347,0.284117181863906
MA1106.2,HIF1A,55,166,19,61,36,105,1099,2458,0.612719179598161,0.00359208959611199,0.284117181863906
MA1127.1,FOSB::JUN,9,166,3,61,6,105,42,2458,3.2975432211101,0.00395524806720771,0.289413190896539
MA0527.2,ZBTB33,8,166,1,61,7,105,34,2458,3.60982874162323,0.00400752762830848,0.289413190896539
MA0702.1,LMX1A,73,166,23,61,50,105,1362,2458,0.631645429712788,0.0047281439545408,0.310569333431982
MA1560.1,SOHLH2,8,166,3,61,5,105,285,2458,0.386053741949811,0.00486544885590551,0.310569333431982
MA0719.1,RHOXF1,158,166,56,61,102,105,2422,2458,0.293559042113955,0.00539962246715086,0.310569333431982
MA0877.3,BARHL1,31,166,8,61,23,105,705,2458,0.570979774100342,0.00547855771883634,0.310569333431982
MA0131.3,HINFP,16,166,5,61,11,105,440,2458,0.489212121212121,0.00566714777442902,0.310569333431982
MA1650.1,ZBTB14,3,166,0,61,3,105,173,2458,0.243093726727898,0.00572300583684786,0.310569333431982
MA0726.1,VSX2,77,166,23,61,54,105,1418,2458,0.634538279900477,0.00574776489206121,0.310569333431982
MA2628.1,HELT,32,166,11,61,21,105,720,2458,0.576451077943615,0.00579629701167456,0.310569333431982
MA0464.3,BHLHE40,20,166,7,61,13,105,510,2458,0.523233951114692,0.00671671775492487,0.348639630966569
MA2685.1,TLX3,99,166,34,61,65,105,1716,2458,0.638920780711826,0.00705873976824321,0.353162788476759
MA1131.1,FOSL2::JUN,10,166,3,61,7,105,56,2458,2.74954212454212,0.00750012258161311,0.353162788476759
MA1117.1,RELB,58,166,19,61,39,105,622,2458,1.58520900321543,0.00780691068160432,0.353162788476759
MA0038.3,GFI1,4,166,1,61,3,105,187,2458,0.299861358684888,0.00825208036679218,0.353162788476759
MA2586.1,ZNF518B,0,166,0,61,0,105,81,2458,0,0.00882462798754589,0.353162788476759
MA0076.1,ELK4,24,166,10,61,14,105,200,2458,1.90816901408451,0.00896136163296653,0.353162788476759
MA0033.1,FOXL1,148,166,51,61,97,105,2322,2458,0.481577184419562,0.00935551653677477,0.353162788476759
MA1126.1,FOS::JUN,4,166,2,61,2,105,10,2458,6.04444444444444,0.00937203069491817,0.353162788476759
MA0259.2,ARNT::HIF1A,157,166,54,61,103,105,2409,2458,0.354826806881601,0.0094488929455947,0.353162788476759
MA1139.1,FOSL2::JUNB,7,166,1,61,6,105,32,2458,3.3376572327044,0.00980908792308541,0.353162788476759
MA0647.1,GRHL1,7,166,0,61,7,105,32,2458,3.3376572327044,0.00980908792308541,0.353162788476759
MA2557.1,ZGLP1,159,166,56,61,103,105,2426,2458,0.299611353197503,0.00980908792308542,0.353162788476759
MA0464.2,BHLHE40,12,166,4,61,8,105,349,2458,0.47088155397611,0.0100467068594277,0.353162788476759
MA1562.2,SOX14,12,166,4,61,8,105,349,2458,0.47088155397611,0.0100467068594277,0.353162788476759
MA0674.2,NKX6-1,125,166,41,61,84,105,2049,2458,0.608565748907855,0.010411479520892,0.353162788476759
MA1729.2,ZNF680,15,166,7,61,8,105,105,2458,2.22611163670766,0.0105712791564962,0.353162788476759
MA1102.2,CTCFL,17,166,9,61,8,105,441,2458,0.521831103806176,0.0108590949699928,0.353162788476759
MA0616.3,HES2,17,166,4,61,13,105,437,2458,0.527651928186384,0.0108682508989833,0.353162788476759
MA1566.2,TBX3,6,166,3,61,3,105,231,2458,0.361525974025974,0.0109004889329721,0.353162788476759
MA1129.1,FOSL1::JUN,13,166,4,61,9,105,88,2458,2.28832442067736,0.0110562703195614,0.353162788476759
MA0630.2,SHOX,149,166,50,61,99,105,2333,2458,0.469604901540556,0.0113971197940178,0.357181433544595
MA1499.2,HOXB4,143,166,51,61,92,105,2265,2458,0.529782128803148,0.0120644316379634,0.367243435077844
MA0463.3,BCL6,4,166,0,61,4,105,11,2458,5.49270482603816,0.0121603786449617,0.367243435077844
MA0703.1,LMX1B,123,166,34,61,89,105,2018,2458,0.623689123470164,0.0128122948868553,0.380021817983333
MA0753.3,ZNF740,7,166,2,61,5,105,245,2458,0.397663971248877,0.0134735742486157,0.392624681174572
MA0862.1,GMEB2,26,166,6,61,20,105,229,2458,1.80767311291329,0.0138570809134723,0.395540993190951
MA0745.3,SNAI2,124,166,47,61,77,105,1607,2458,1.56345749251785,0.0140499208899856,0.395540993190951
MA1974.2,ZNF211,23,166,6,61,17,105,200,2458,1.81587412587413,0.0143593579305316,0.39751489204355
MA1507.1,HOXD4,137,166,46,61,91,105,2191,2458,0.575693668455594,0.0151877221854813,0.407865628261914
MA0759.1,ELK3,24,166,7,61,17,105,208,2458,1.82827735644637,0.015224364209656,0.407865628261914
MA0702.2,LMX1A,67,166,20,61,47,105,1237,2458,0.668014012395581,0.0159102540234884,0.408815778340569
MA0610.2,DMRT3,98,166,33,61,65,105,1682,2458,0.664894733160803,0.015954274872535,0.408815778340569
MA1545.2,OVOL2,42,166,11,61,31,105,431,2458,1.59295711398847,0.0159982092667893,0.408815778340569
MA2588.1,FAM200B,29,166,8,61,21,105,633,2458,0.610290471742715,0.0163431337733677,0.408942138902093
MA1136.1,FOSB::JUNB,12,166,4,61,8,105,83,2458,2.22969801283054,0.0167736146104984,0.408942138902093
MA0877.4,BARHL1,139,166,44,61,95,105,2213,2458,0.569948620106776,0.0169074054650012,0.408942138902093
MA2589.1,ZNF728,14,166,4,61,10,105,102,2458,2.12745098039216,0.016987963626878,0.408942138902093
MA1478.1,DMRTA2,32,166,7,61,25,105,311,2458,1.64860584537121,0.0173784276615834,0.412365262084142
MA0625.2,NFATC3,144,166,48,61,96,105,2267,2458,0.551469703653206,0.017951176304188,0.41995639213037
MA1548.2,PLAGL2,38,166,19,61,19,105,781,2458,0.637463988476312,0.0191581570476069,0.441968039667709
MA0684.1,RUNX3,18,166,5,61,13,105,442,2458,0.554726672373731,0.019835012211788,0.451314455942189
MA1131.2,FOSL2::JUN,14,166,5,61,9,105,106,2458,2.04369414101291,0.0203633676183839,0.453874004978926
MA0719.2,RHOXF1,160,166,56,61,104,105,2429,2458,0.318375188692192,0.0204940098575674,0.453874004978926
MA2581.1,ZNF66,96,166,34,61,62,105,1644,2458,0.679040667361835,0.0216859578419353,0.473952315466507
MA1564.2,SP9,37,166,10,61,27,105,753,2458,0.649443569391684,0.0230326169607012,0.484443284731265
MA0674.1,NKX6-1,119,166,38,61,81,105,1954,2458,0.65306300224308,0.0230524076653973,0.484443284731265
MA1511.1,KLF10,17,166,6,61,11,105,416,2458,0.560047754259164,0.0231469597328263,0.484443284731265
MA0726.2,VSX2,93,166,28,61,65,105,1597,2458,0.68684433998679,0.0235143722351089,0.484443284731265
MA1530.2,NKX6-3,101,166,36,61,65,105,1706,2458,0.684931012715303,0.0242109877875743,0.484443284731265
MA0702.3,LMX1A,76,166,22,61,54,105,1349,2458,0.694209702660407,0.0242129040121897,0.484443284731265
MA0710.2,NOTO,127,166,44,61,83,105,2053,2458,0.642399490426768,0.024331647751719,0.484443284731265
MA2329.1,ZBTB11,15,166,3,61,12,105,380,2458,0.543220634367375,0.0244992389629297,0.484443284731265
MA0723.1,VAX2,100,166,28,61,72,105,1691,2458,0.687239037327742,0.0249793895570692,0.488126659462258
MA0028.1,ELK1,78,166,22,61,56,105,934,2458,1.44627214327428,0.0258639412361729,0.494863985057268
MA1504.1,HOXC4,142,166,49,61,93,105,2237,2458,0.584525406049769,0.0264148837567156,0.494863985057268
MA1484.2,ETS2,27,166,10,61,17,105,255,2458,1.6781210325857,0.0266009050116598,0.494863985057268
MA0635.2,BARHL2,142,166,45,61,97,105,2236,2458,0.587432915921288,0.0268877187118972,0.494863985057268
MA1637.2,EBF3,36,166,18,61,18,105,734,2458,0.650429679312513,0.0274012675659731,0.494863985057268
MA1463.2,ARGFX,54,166,17,61,37,105,1015,2458,0.685450387051372,0.0275028480349723,0.494863985057268
MA0701.2,LHX9,84,166,25,61,59,105,1461,2458,0.699053438172985,0.0277076162614846,0.494863985057268
MA0075.3,PRRX2,84,166,25,61,59,105,1461,2458,0.699053438172985,0.0277076162614846,0.494863985057268
MA0746.3,SP3,14,166,3,61,11,105,357,2458,0.542053663570691,0.028410209499454,0.500254832001263
MA0048.3,NHLH1,23,166,12,61,11,105,513,2458,0.60980929401982,0.0287090050106537,0.500254832001263
MA0707.1,MNX1,94,166,28,61,66,105,1600,2458,0.700104166666667,0.0293588703261772,0.500254832001263
MA0594.2,HOXA9,64,166,24,61,40,105,741,2458,1.45389113810166,0.0293619070391787,0.500254832001263
MA1652.1,ZKSCAN5,17,166,8,61,9,105,408,2458,0.573266219239374,0.0295153362649752,0.500254832001263
MA0903.1,HOXB3,128,166,42,61,86,105,2063,2458,0.64494731739674,0.0300124554973916,0.503489143863196
MA0658.2,LHX6,69,166,19,61,50,105,1238,2458,0.700997618373499,0.0303124108286091,0.503489143863196
MA2508.1,CASZ1,4,166,0,61,4,105,165,2458,0.343135054246165,0.0315862480264572,0.519453049227182
MA0744.3,SCRT2,7,166,2,61,5,105,224,2458,0.439072327044025,0.0324932430271415,0.52913016341257
MA1656.1,ZNF449,14,166,5,61,9,105,110,2458,1.96602870813397,0.0343491565124592,0.546230449795734
MA2119.1,HOXA3,112,166,39,61,73,105,1843,2458,0.692108277566769,0.034440712608237,0.546230449795734
MA0511.2,RUNX2,19,166,5,61,14,105,442,2458,0.589528118939884,0.0345299200653534,0.546230449795734
MA1099.3,HES1,59,166,16,61,43,105,1080,2458,0.703547940463828,0.0355627221692399,0.55726114644441
MA0706.2,MEOX2,121,166,42,61,79,105,1967,2458,0.671196972264588,0.0361360064480672,0.55854509428066
MA0047.3,FOXA2,88,166,27,61,61,105,1096,2458,1.40202133632791,0.0363172005913975,0.55854509428066
MA0905.1,HOXC10,39,166,13,61,26,105,773,2458,0.669393201658331,0.0369890727005711,0.563659172070171
MA0475.3,FLI1,21,166,9,61,12,105,192,2458,1.70926724137931,0.0381451772907584,0.575992177090451
MA0703.2,LMX1B,29,166,11,61,18,105,608,2458,0.644088551671149,0.0391712629573406,0.584287333151397
MA0137.2,STAT1,14,166,5,61,9,105,115,2458,1.87654462242563,0.0396044556477946,0.584287333151397
MA0090.1,TEAD1,5,166,1,61,4,105,180,2458,0.393029675638371,0.0397498306117446,0.584287333151397
MA2512.1,ZNF648,86,166,30,61,56,105,1476,2458,0.715210027100271,0.0409464605788594,0.596597114223557
MA1653.1,ZNF148,36,166,14,61,22,105,717,2458,0.672417122626328,0.0413184971531122,0.596782815402777
MA0725.1,VSX1,96,166,28,61,68,105,1620,2458,0.709417989417989,0.0427258481672966,0.597546280782671
MA0814.2,TFAP2C,31,166,12,61,19,105,316,2458,1.55654008438819,0.0431358694011904,0.597546280782671
MA1961.1,PATZ1,46,166,14,61,32,105,874,2458,0.694736842105263,0.0435597433149266,0.597546280782671
MA0157.1,FOXO3,95,166,31,61,64,105,1603,2458,0.71367067031007,0.0437330207775136,0.597546280782671
MA0750.4,ZBTB7A,135,166,50,61,85,105,2140,2458,0.647120892372626,0.0438507683280672,0.597546280782671
MA0014.4,PAX5,2,166,1,61,1,105,107,2458,0.267950763619786,0.0442589065182969,0.597546280782671
MA1713.1,ZNF610,2,166,0,61,2,105,109,2458,0.262810472141419,0.0444118316956042,0.597546280782671
MA1516.1,KLF3,23,166,12,61,11,105,503,2458,0.625130336859959,0.0445755937163214,0.597546280782671
MA0035.4,GATA1,47,166,18,61,29,105,886,2458,0.700760665439991,0.0446091142787785,0.597546280782671
MA0764.4,ETV4,31,166,8,61,23,105,321,2458,1.52871812622591,0.0452720791841866,0.598023541917533
MA1117.2,RELB,72,166,25,61,47,105,875,2458,1.385726443769,0.045364820157501,0.598023541917533
MA0847.4,FOXD2,55,166,15,61,40,105,639,2458,1.4104950020443,0.0458184018648065,0.599246972420816
MA0024.1,E2F1,28,166,7,61,21,105,283,2458,1.55937932094024,0.0464471602518774,0.602724477956003
MA2676.1,HSF5,50,166,15,61,35,105,930,2458,0.708194289951798,0.0469882821714667,0.605019664238807
MA1484.1,ETS2,22,166,8,61,14,105,211,2458,1.6269747235387,0.0477838329380164,0.610530357769578
MA0488.1,JUN,17,166,8,61,9,105,152,2458,1.7309254680325,0.0485537247834976,0.61216801274385
MA0632.3,TCFL5,36,166,8,61,28,105,712,2458,0.679083837510804,0.0503114279999294,0.61216801274385
MA2587.1,ZNF672,0,166,0,61,0,105,59,2458,0,0.0503627828209796,0.61216801274385
MA0640.2,ELF3,15,166,4,61,11,105,356,2458,0.5865391770221,0.0505865587999409,0.61216801274385
MA1596.1,ZNF460,108,166,31,61,77,105,1405,2458,1.39555773714566,0.0512755187117121,0.61216801274385
MA0492.1,JUND,13,166,6,61,7,105,107,2458,1.86689878443589,0.0516680809034536,0.61216801274385
MA0050.1,IRF1,20,166,5,61,15,105,189,2458,1.6445604116837,0.0531609845972087,0.61216801274385
MA2488.1,ZBTB40,20,166,8,61,12,105,189,2458,1.6445604116837,0.0531609845972087,0.61216801274385
MA0901.1,HOXB13,38,166,11,61,27,105,740,2458,0.689231418918919,0.0532033532679614,0.61216801274385
MA0641.1,ELF4,4,166,0,61,4,105,19,2458,3.16959064327485,0.0532244988506932,0.61216801274385
MA0119.1,NFIC::TLX1,4,166,0,61,4,105,19,2458,3.16959064327485,0.0532244988506932,0.61216801274385
MA0722.2,VAX1,129,166,40,61,89,105,2055,2458,0.683724600512922,0.0534203696203003,0.61216801274385
MA1100.2,ASCL1,66,166,25,61,41,105,1171,2458,0.725380017079419,0.0537683343736409,0.61216801274385
MA1099.2,HES1,32,166,9,61,23,105,642,2458,0.675500999674525,0.053824377636927,0.61216801274385
MA1495.2,HOXA1,133,166,47,61,86,105,2106,2458,0.673630895853118,0.054177421958667,0.61216801274385
MA0900.3,HOXA2,133,166,47,61,86,105,2106,2458,0.673630895853118,0.054177421958667,0.61216801274385
MA0904.3,HOXB5,133,166,47,61,86,105,2106,2458,0.673630895853118,0.054177421958667,0.61216801274385
MA0148.3,FOXA1,30,166,4,61,26,105,312,2458,1.51725113122172,0.0558152577041749,0.625920274270863
MA0892.1,GSX1,104,166,32,61,72,105,1715,2458,0.726718705915546,0.0561481763193008,0.625920274270863
MA0162.2,EGR1,20,166,8,61,12,105,440,2458,0.62826899128269,0.0574945486399137,0.636656301939312
MA0442.3,SOX10,142,166,51,61,91,105,2223,2458,0.625468585994902,0.058166455013792,0.639627140783542
MA1125.2,ZNF384,148,166,48,61,100,105,2291,2458,0.59935011397255,0.0586497096002118,0.639627140783542
MA1483.1,ELF2,5,166,0,61,5,105,29,2458,2.60119940029985,0.0597629853150313,0.639627140783542
MA0140.2,GATA1::TAL1,5,166,2,61,3,105,29,2458,2.60119940029985,0.0597629853150313,0.639627140783542
MA0131.2,HINFP,1,166,0,61,1,105,80,2458,0.180151515151515,0.0601101273010916,0.639627140783542
MA1648.1,TCF12,86,166,32,61,54,105,1459,2458,0.736069225496916,0.060843520917399,0.639627140783542
MA1648.2,TCF12,86,166,32,61,54,105,1459,2458,0.736069225496916,0.060843520917399,0.639627140783542
MA0522.4,TCF3,86,166,32,61,54,105,1459,2458,0.736069225496916,0.060843520917399,0.639627140783542
MA0105.2,NFKB1,3,166,3,61,0,105,128,2458,0.335026840490798,0.0622880732639726,0.650694903719865
MA0038.2,GFI1,3,166,1,61,2,105,129,2458,0.332287059494935,0.0629898697739015,0.65278396835821
MA2325.1,EPAS1,6,166,3,61,3,105,185,2458,0.460743243243243,0.0632740631581408,0.65278396835821
MA0769.3,TCF7,106,166,34,61,72,105,1744,2458,0.723279816513761,0.0643870630388784,0.655795582094882
MA2520.1,ZNF678,46,166,19,61,27,105,526,2458,1.40798479087453,0.0646072095709034,0.655795582094882
MA1632.2,ATF2,36,166,14,61,22,105,394,2458,1.45068332682546,0.0649896891311569,0.655795582094882
MA0690.3,TBX21,8,166,5,61,3,105,226,2458,0.500056009857735,0.0657040523008612,0.655795582094882
MA0902.1,HOXB2,125,166,38,61,87,105,1997,2458,0.703799601841787,0.0662274584131382,0.655795582094882
MA0032.1,FOXC1,161,166,57,61,104,105,2428,2458,0.397858319604613,0.066307814557942,0.655795582094882
MA0842.2,NRL,8,166,2,61,6,105,58,2458,2.09515495416849,0.0663944839277846,0.655795582094882
MA1495.1,HOXA1,105,166,32,61,73,105,1724,2458,0.732855349739455,0.0668867957038497,0.655795582094882
MA0718.1,RAX,94,166,31,61,63,105,1569,2458,0.739731605410382,0.0671193551812944,0.655795582094882
MA1496.1,HOXA4,129,166,42,61,87,105,2053,2458,0.687787153934256,0.0676509727567076,0.656899715199769
MA1583.2,ZFP57,16,166,7,61,9,105,363,2458,0.615610651974288,0.0686427471806631,0.656899715199769
MA0027.2,EN1,119,166,37,61,82,105,1913,2458,0.72132442081614,0.068893099050759,0.656899715199769
MA1727.1,ZNF417,8,166,4,61,4,105,59,2458,2.05878566831152,0.069703364916687,0.656899715199769
MA0722.1,VAX1,103,166,29,61,74,105,1695,2458,0.735955424451,0.069722530345394,0.656899715199769
MA0665.1,MSC,5,166,1,61,4,105,163,2458,0.437259459665435,0.0704720271706816,0.656899715199769
MA0158.2,HOXA5,89,166,26,61,63,105,1498,2458,0.740727896936175,0.0709081146094841,0.656899715199769
MA1487.1,FOXE1,10,166,1,61,9,105,79,2458,1.93037974683544,0.0709983068809788,0.656899715199769
MA1632.1,ATF2,19,166,8,61,11,105,184,2458,1.59738243123336,0.0711881445245394,0.656899715199769
MA0906.1,HOXC12,0,166,0,61,0,105,48,2458,0,0.0712755351823779,0.656899715199769
MA1976.3,ZNF320,35,166,18,61,17,105,683,2458,0.69434354498005,0.0715826902174342,0.656899715199769
MA0894.1,HESX1,87,166,28,61,59,105,1467,2458,0.743936217027776,0.0724844349720841,0.661520035651822
MA1480.1,DPRX,17,166,8,61,9,105,379,2458,0.62586106142976,0.0733724437906847,0.66440221324138
MA0743.2,SCRT1,0,166,0,61,0,105,51,2458,0,0.0736002451754449,0.66440221324138
MA0744.2,SCRT2,0,166,0,61,0,105,52,2458,0,0.0751365147306406,0.670977155739753
MA2522.1,ZNF683,0,166,0,61,0,105,52,2458,0,0.0751365147306406,0.670977155739753
MA0645.2,ETV6,37,166,11,61,26,105,706,2458,0.711772844060874,0.0757091384653994,0.672475288722077
MA1152.2,SOX15,158,166,57,61,101,105,2397,2458,0.502607425949103,0.0770688994366909,0.677784369712512
MA1728.2,ZNF549,67,166,30,61,37,105,1167,2458,0.748677866929795,0.0776048800300545,0.677784369712512
MA0900.2,HOXA2,107,166,34,61,73,105,1746,2458,0.739549964082552,0.078243124006251,0.677784369712512
MA2542.1,SCAND3,115,166,40,61,75,105,1855,2458,0.732995084826383,0.0783989818293974,0.677784369712512
MA1548.1,PLAGL2,32,166,15,61,17,105,628,2458,0.695883639129195,0.0788688141942866,0.677784369712512
MA0759.3,ELK3,17,166,7,61,10,105,162,2458,1.61703537989891,0.0791632557039297,0.677784369712512
MA0156.4,FEV,17,166,7,61,10,105,162,2458,1.61703537989891,0.0791632557039297,0.677784369712512
MA0725.2,VSX1,105,166,31,61,74,105,1717,2458,0.74286068915474,0.0815648374052138,0.687180809601893
MA1126.2,FOS::JUN,17,166,6,61,11,105,164,2458,1.59592404648879,0.082250855659523,0.687180809601893
MA0632.2,TCFL5,10,166,3,61,7,105,254,2458,0.556228548354533,0.0823337277370389,0.687180809601893
MA0753.2,ZNF740,3,166,0,61,3,105,117,2458,0.368255466414976,0.0836576644146034,0.687180809601893
MA2120.1,ZNF184,3,166,2,61,1,105,118,2458,0.364978683581158,0.0838011637307632,0.687180809601893
MA1579.2,ZBTB26,103,166,39,61,64,105,1689,2458,0.744377719510934,0.0845071214345514,0.687180809601893
MA1508.2,IKZF1,89,166,31,61,58,105,1488,2458,0.753473676860774,0.0854486757202594,0.687180809601893
MA1516.2,KLF3,43,166,14,61,29,105,798,2458,0.727224565478737,0.0857417277607935,0.687180809601893
MA0847.2,FOXD2,13,166,4,61,9,105,309,2458,0.590921589779385,0.08587175601707,0.687180809601893
MA0906.2,HOXC12,1,166,0,61,1,105,71,2458,0.203755868544601,0.0861836816394394,0.687180809601893
MA1558.1,SNAI1,137,166,53,61,84,105,1880,2458,1.4524211298606,0.0864223165816671,0.687180809601893
MA0036.1,GATA2,164,166,59,61,105,105,2452,2458,0.200652528548124,0.0865929188680627,0.687180809601893
MA1707.1,DMRTA1,24,166,5,61,19,105,249,2458,1.49940607500424,0.0867950435012082,0.687180809601893
MA0889.1,GBX1,44,166,14,61,30,105,816,2458,0.725731276117004,0.0872147785134088,0.687180809601893
MA0522.3,TCF3,86,166,32,61,54,105,1444,2458,0.754882271468144,0.0875618001727123,0.687180809601893
MA0838.1,CEBPG,3,166,1,61,2,105,14,2458,3.21297107800175,0.0879341685885557,0.687180809601893
MA0527.1,ZBTB33,3,166,0,61,3,105,14,2458,3.21297107800175,0.0879341685885557,0.687180809601893
MA2494.1,ZNF436,3,166,0,61,3,105,14,2458,3.21297107800175,0.0879341685885557,0.687180809601893
MA0043.4,HLF,37,166,10,61,27,105,414,2458,1.41609556978617,0.0881213199549688,0.687180809601893
MA2539.1,SLC2A4RG,2,166,1,61,1,105,98,2458,0.293678446988552,0.0894130864478221,0.693995965373049
MA1525.3,NFATC4,109,166,36,61,73,105,1770,2458,0.743304589156507,0.0907167594770537,0.700839709262261
MA0155.1,INSM1,5,166,0,61,5,105,155,2458,0.461430575035063,0.0936083827779143,0.719831128676462
MA0667.1,MYF6,5,166,2,61,3,105,158,2458,0.452079566003617,0.0943369620326297,0.720619534536913
MA0647.2,GRHL1,11,166,2,61,9,105,93,2458,1.80471730835935,0.094726574546626,0.720619534536913
MA0741.1,KLF16,32,166,8,61,24,105,617,2458,0.712547473330269,0.0950124491653124,0.720619534536913
MA0056.2,MZF1,22,166,8,61,14,105,457,2458,0.668946024799416,0.0962552477005854,0.726278524108723
MA1579.1,ZBTB26,51,166,22,61,29,105,916,2458,0.746554015568635,0.096633084785086,0.726278524108723
MA1473.2,CDX4,52,166,18,61,34,105,935,2458,0.742996528755043,0.0975392800744744,0.729787136052712
MA0867.2,SOX4,92,166,35,61,57,105,1521,2458,0.765890150505535,0.100011170693148,0.741205993947729
MA1956.1,FOXO1::FLI1,3,166,1,61,2,105,15,2458,2.99754601226994,0.100820956387966,0.741205993947729
MA0105.1,NFKB1,19,166,12,61,7,105,407,2458,0.651339651339651,0.10195087655331,0.741205993947729
MA0701.3,LHX9,103,166,32,61,71,105,1681,2458,0.755700971643863,0.102159493493974,0.741205993947729
MA0075.4,PRRX2,103,166,32,61,71,105,1681,2458,0.755700971643863,0.102159493493974,0.741205993947729
MA2564.1,ZNF43,9,166,3,61,6,105,74,2458,1.84678946462386,0.103071521714518,0.741205993947729
MA0830.2,TCF4,63,166,27,61,36,105,781,2458,1.31336474273709,0.103233114748403,0.741205993947729
MA0684.2,RUNX3,58,166,24,61,34,105,1018,2458,0.759659462999345,0.103608293357988,0.741205993947729
MA0762.2,ETV2,13,166,7,61,6,105,122,2458,1.62691524697311,0.104037553979824,0.741205993947729
MA2572.1,ZNF827,161,166,57,61,104,105,2423,2458,0.465125877011969,0.10471047981895,0.741205993947729
MA0707.2,MNX1,140,166,47,61,93,105,2177,2458,0.695028444224586,0.104896903428091,0.741205993947729
MA1564.1,SP9,24,166,6,61,18,105,489,2458,0.680549554998704,0.105001400118377,0.741205993947729
MA0762.1,ETV2,9,166,5,61,4,105,75,2458,1.82140127388535,0.10622710697764,0.741205993947729
MA0098.4,ETS1,31,166,13,61,18,105,341,2458,1.42558922558923,0.106339773065759,0.741205993947729
MA1531.1,NR1D1,2,166,1,61,1,105,7,2458,4.27003484320558,0.106838570600439,0.741205993947729
MA1531.2,NR1D1,2,166,1,61,1,105,7,2458,4.27003484320558,0.106838570600439,0.741205993947729
MA1115.2,POU5F1,80,166,27,61,53,105,1344,2458,0.771040974529347,0.107967278247483,0.741205993947729
MA0888.1,EVX2,72,166,27,61,45,105,1231,2458,0.763468551774202,0.108513508662354,0.741205993947729
MA0473.3,ELF1,8,166,2,61,6,105,209,2458,0.544848888619708,0.10855761032443,0.741205993947729
MA0887.1,EVX1,72,166,30,61,42,105,1229,2458,0.765957446808511,0.108663012377752,0.741205993947729
MA0901.2,HOXB13,27,166,10,61,17,105,291,2458,1.44648817028851,0.108780966465347,0.741205993947729
MA1592.2,ZNF274,0,166,0,61,0,105,42,2458,0,0.108882758894188,0.741205993947729
MA0644.3,ESX1,110,166,35,61,75,105,1771,2458,0.761978704525288,0.109982515452408,0.742767398321476
MA2582.1,ZNF121,68,166,22,61,46,105,853,2458,1.30559609541355,0.110414358353072,0.742767398321476
MA0748.3,YY2,42,166,8,61,34,105,492,2458,1.35346184107002,0.110731249465096,0.742767398321476
MA1474.1,CREB3L4,0,166,0,61,0,105,44,2458,0,0.110900851766241,0.742767398321476
MA1581.1,ZBTB6,70,166,24,61,46,105,880,2458,1.30752840909091,0.112636778904479,0.748359990960624
MA0132.2,PDX1,134,166,43,61,91,105,2102,2458,0.709205518553758,0.112636964322791,0.748359990960624
MA0747.1,SP8,14,166,5,61,9,105,316,2458,0.624333777481679,0.114883460976973,0.760149979798722
MA0909.1,HOXD13,53,166,19,61,34,105,941,2458,0.756124627349929,0.116099524586631,0.760149979798722
MA0628.2,POU6F1,94,166,29,61,65,105,1543,2458,0.774195290559516,0.11638022409388,0.760149979798722
MA0645.1,ETV6,22,166,5,61,17,105,448,2458,0.685453869047619,0.116692983585413,0.760149979798722
MA0802.2,TBR1,27,166,10,61,17,105,532,2458,0.703223887055769,0.116699725977528,0.760149979798722
MA1113.1,PBX2,20,166,10,61,10,105,209,2458,1.47407747263551,0.118519198768615,0.762011841776685
MA0717.1,RAX2,122,166,37,61,85,105,1936,2458,0.747605184072126,0.118612023950302,0.762011841776685
MA1577.1,TLX2,122,166,37,61,85,105,1936,2458,0.747605184072126,0.118612023950302,0.762011841776685
MA0508.4,PRDM1,105,166,42,61,63,105,1702,2458,0.764577835140914,0.118820630355305,0.762011841776685
MA0675.1,NKX6-2,138,166,46,61,92,105,2148,2458,0.711292897047087,0.119416289466706,0.762886372323844
MA0671.1,NFIX,157,166,56,61,101,105,2379,2458,0.579281677642333,0.121344090303799,0.768102042859907
MA0872.1,TFAP2A,2,166,1,61,1,105,87,2458,0.332352116624615,0.122277948591424,0.768102042859907
MA0470.2,E2F4,1,166,1,61,0,105,1,2458,14.8909090909091,0.122544877397878,0.768102042859907
MA0470.3,E2F4,1,166,1,61,0,105,1,2458,14.8909090909091,0.122544877397878,0.768102042859907
MA0112.3,ESR1,1,166,1,61,0,105,1,2458,14.8909090909091,0.122544877397878,0.768102042859907
MA0628.1,POU6F1,45,166,14,61,31,105,813,2458,0.752493062120704,0.123921590083615,0.769230471645191
MA0522.2,TCF3,147,166,54,61,93,105,2060,2458,1.4947879407256,0.123948552788755,0.769230471645191
MA0746.2,SP3,12,166,2,61,10,105,279,2458,0.608574221477447,0.124114248284715,0.769230471645191
MA0625.3,NFATC3,160,166,57,61,103,105,2415,2458,0.474810213940649,0.12509011437956,0.769323657544553
MA0815.1,TFAP2C,2,166,1,61,1,105,92,2458,0.313626723223754,0.125476288402285,0.769323657544553
MA2493.1,ZNF322,1,166,1,61,0,105,67,2458,0.216282225237449,0.125518790604801,0.769323657544553
MA1123.3,TWIST1,69,166,34,61,35,105,1179,2458,0.771674405183495,0.12692822515408,0.775102139635763
MA2487.1,ZBTB21,151,166,51,61,100,105,2312,2458,0.635697808535179,0.129384666831627,0.782819948386038
MA0836.3,CEBPD,16,166,8,61,8,105,347,2458,0.648914505283381,0.129979351363941,0.782819948386038
MA0644.2,ESX1,110,166,35,61,75,105,1770,2458,0.763518966908797,0.130011517514313,0.782819948386038
MA2097.1,ZNF75A,1,166,1,61,0,105,70,2458,0.206753246753247,0.130077246089432,0.782819948386038
MA0878.3,CDX1,31,166,13,61,18,105,593,2458,0.722190993691837,0.13130867764356,0.787378027313911
MA0496.3,MAFK,8,166,4,61,4,105,64,2458,1.89398734177215,0.132316826641964,0.790569241195334
MA0819.1,CLOCK,10,166,0,61,10,105,88,2458,1.7263986013986,0.132959144879824,0.791210317983259
MA0024.2,E2F1,51,166,15,61,36,105,904,2458,0.762350904193921,0.133376814590796,0.791210317983259
MA0084.2,SRY,148,166,49,61,99,105,2271,2458,0.677038994079945,0.135032254814698,0.798179983086167
MA1968.1,TFCP2,12,166,2,61,10,105,115,2458,1.58757763975155,0.13568849306439,0.799214847446639
MA1464.1,ARNT2,17,166,6,61,11,105,362,2458,0.660610330379325,0.137059774150383,0.803070127453269
MA0764.3,ETV4,22,166,6,61,16,105,236,2458,1.43844161958569,0.137310003730722,0.803070127453269
MA1727.2,ZNF417,43,166,14,61,29,105,512,2458,1.32872840447154,0.140145169887176,0.813958739403425
MA1975.2,ZNF214,4,166,1,61,3,105,28,2458,2.14285714285714,0.140151835923769,0.813958739403425
MA0508.3,PRDM1,90,166,37,61,53,105,1480,2458,0.782539118065434,0.140845782145006,0.815138829766046
MA0048.2,NHLH1,14,166,7,61,7,105,308,2458,0.642942583732057,0.141655686605274,0.816979498094999
MA0871.2,TFEC,6,166,1,61,5,105,162,2458,0.531481481481482,0.142176495714231,0.817145880212242
MA0710.1,NOTO,87,166,29,61,58,105,1438,2458,0.781148219221493,0.143273341020295,0.818887469500107
MA0786.1,POU3F1,18,166,5,61,13,105,372,2458,0.681996512641674,0.143465534993697,0.818887469500107
MA0077.2,SOX9,82,166,30,61,52,105,1362,2458,0.785539472764142,0.146716850978359,0.819163100920873
MA1634.2,BATF,84,166,33,61,51,105,1098,2458,1.26882580301213,0.147045118809318,0.819163100920873
MA0835.3,BATF3,84,166,33,61,51,105,1098,2458,1.26882580301213,0.147045118809318,0.819163100920873
MA0462.3,BATF::JUN,84,166,33,61,51,105,1098,2458,1.26882580301213,0.147045118809318,0.819163100920873
MA1928.2,BNC2,84,166,33,61,51,105,1098,2458,1.26882580301213,0.147045118809318,0.819163100920873
MA0764.1,ETV4,23,166,9,61,14,105,250,2458,1.42053146853147,0.147119915584517,0.819163100920873
MA1638.2,HAND2,143,166,56,61,87,105,2208,2458,0.703961877756774,0.147119915584517,0.819163100920873
MA0712.2,OTX2,80,166,25,61,55,105,1332,2458,0.786367763111949,0.147644726652195,0.819163100920873
MA2003.1,NKX2-4,78,166,28,61,50,105,1301,2458,0.788257284606247,0.148499482888908,0.819163100920873
MA1545.1,OVOL2,8,166,3,61,5,105,69,2458,1.75307283067327,0.148583831536946,0.819163100920873
MA0107.1,RELA,15,166,7,61,8,105,321,2458,0.661323265457696,0.14990264171153,0.819163100920873
MA2521.1,FIZ1,2,166,1,61,1,105,9,2458,3.31842818428184,0.150418269585109,0.819163100920873
MA0051.2,IRF2,2,166,1,61,1,105,9,2458,3.31842818428184,0.150418269585109,0.819163100920873
MA0083.1,SRF,2,166,0,61,2,105,9,2458,3.31842818428184,0.150418269585109,0.819163100920873
MA0690.1,TBX21,12,166,5,61,7,105,270,2458,0.631457431457432,0.153706373837685,0.831851550482553
MA0893.1,GSX2,111,166,35,61,76,105,1771,2458,0.782885888814743,0.154814001163046,0.831851550482553
MA1506.2,HOXD10,3,166,1,61,2,105,102,2458,0.425117286178275,0.155002006254009,0.831851550482553
MA1562.1,SOX14,3,166,0,61,3,105,104,2458,0.41658801321378,0.155041209870021,0.831851550482553
MA0814.1,TFAP2C,39,166,11,61,28,105,467,2458,1.30922794179635,0.155534791634996,0.831851550482553
MA0661.2,MEOX1,110,166,38,61,72,105,1761,2458,0.777460047051188,0.155753059723103,0.831851550482553
MA1474.2,CREB3L4,3,166,2,61,1,105,108,2458,0.400477164280845,0.158325678018861,0.838049272926875
MA0620.2,MITF,3,166,1,61,2,105,19,2458,2.3626089764288,0.1588479717851,0.838049272926875
MA1541.2,NR6A1,3,166,0,61,3,105,19,2458,2.3626089764288,0.1588479717851,0.838049272926875
MA1530.1,NKX6-3,95,166,35,61,60,105,1546,2458,0.789315452872474,0.158931680296186,0.838049272926875
MA0830.1,TCF4,140,166,53,61,87,105,1960,2458,1.36813186813187,0.161188511471626,0.845552159372014
MA2603.1,ZFTA,26,166,14,61,12,105,504,2458,0.720011337868481,0.161372687851251,0.845552159372014
MA0865.3,E2F8,13,166,4,61,9,105,285,2458,0.647838550624928,0.163863591571819,0.855321861264966
MA1637.1,EBF3,13,166,8,61,5,105,287,2458,0.642731889503769,0.164400257558729,0.855321861264966
MA1960.2,MGA::EVX1,5,166,3,61,2,105,146,2458,0.491789330383732,0.164850898249879,0.855321861264966
MA2495.1,ZNF490,20,166,6,61,14,105,219,2458,1.40051291674486,0.165297000280586,0.855321861264966
MA2689.1,ZNF470,0,166,0,61,0,105,35,2458,0,0.16628942946458,0.856825642178987
MA2674.1,HIF3A,124,166,45,61,79,105,1950,2458,0.769133089133089,0.167516484762726,0.856825642178987
MA2683.1,NPAS3,124,166,45,61,79,105,1950,2458,0.769133089133089,0.167516484762726,0.856825642178987
MA0707.3,MNX1,145,166,47,61,98,105,2232,2458,0.699138078170336,0.167651013671385,0.856825642178987
MA0686.2,SPDEF,2,166,2,61,0,105,81,2458,0.357874134296899,0.16959796346544,0.864117231030969
MA1647.1,PRDM4,100,166,30,61,70,105,1339,2458,1.2662095186367,0.170616703257024,0.86664937036672
MA0644.1,ESX1,104,166,35,61,69,105,1667,2458,0.795944036999052,0.171528087092006,0.867924474203389
MA1511.2,KLF10,70,166,23,61,47,105,1174,2458,0.797487223168654,0.172585135696938,0.867924474203389
MA0868.3,SOX8,103,166,39,61,64,105,1653,2458,0.796195469516704,0.173210816254609,0.867924474203389
MA1496.2,HOXA4,141,166,48,61,93,105,2173,2458,0.73971468016567,0.17337600287012,0.867924474203389
MA0748.2,YY2,30,166,2,61,28,105,351,2458,1.32415786827552,0.173480388582496,0.867924474203389
MA0041.3,FOXD3,53,166,18,61,35,105,662,2458,1.27246477555276,0.176500422959154,0.871355882226657
MA0102.5,CEBPA,11,166,5,61,6,105,248,2458,0.632414151925078,0.177952639786459,0.871355882226657
MA0466.3,CEBPB,1,166,0,61,1,105,2,2458,7.44242424242424,0.178096956098089,0.871355882226657
MA0837.2,CEBPE,1,166,0,61,1,105,2,2458,7.44242424242424,0.178096956098089,0.871355882226657
MA0112.4,ESR1,1,166,1,61,0,105,2,2458,7.44242424242424,0.178096956098089,0.871355882226657
MA1532.2,NR1D2,1,166,0,61,1,105,2,2458,7.44242424242424,0.178096956098089,0.871355882226657
MA0014.2,PAX5,1,166,0,61,1,105,2,2458,7.44242424242424,0.178096956098089,0.871355882226657
MA1468.1,ATOH7,37,166,18,61,19,105,445,2458,1.29746537758035,0.178822699362419,0.871355882226657
MA1145.2,FOSL2::JUND,14,166,5,61,9,105,145,2458,1.46923774954628,0.17933318311807,0.871355882226657
MA2585.1,ZNF500,22,166,6,61,16,105,241,2458,1.40542876901798,0.179915241129847,0.871355882226657
MA0442.1,SOX10,155,166,56,61,99,105,2349,2458,0.653856573396803,0.180259899117551,0.871355882226657
MA2121.1,ZNF213,115,166,38,61,77,105,1568,2458,1.27988695478191,0.180766311506005,0.871355882226657
MA0822.1,HES7,1,166,0,61,1,105,61,2458,0.238152011922504,0.180986020089221,0.871355882226657
MA0698.2,ZBTB18,22,166,9,61,13,105,244,2458,1.38627049180328,0.182669693596879,0.876920118683286
MA0733.2,EGR4,1,166,0,61,1,105,63,2458,0.23039923039923,0.18500491767817,0.883708656324967
MA0690.2,TBX21,4,166,2,61,2,105,121,2458,0.47689011325375,0.185147870199331,0.883708656324967
MA0102.3,CEBPA,47,166,19,61,28,105,583,2458,1.27023365092178,0.188791437885777,0.892524767449226
MA0787.1,POU3F2,12,166,4,61,8,105,263,2458,0.650338254900993,0.189714223207275,0.892524767449226
MA0701.1,LHX9,119,166,34,61,85,105,1873,2458,0.790800967840874,0.189907092366168,0.892524767449226
MA0003.4,TFAP2A,33,166,10,61,23,105,390,2458,1.31567379988433,0.189917591286595,0.892524767449226
MA0691.1,TFAP4,12,166,6,61,6,105,265,2458,0.644841950502328,0.190415819837664,0.892524767449226
MA0030.2,FOXF2,33,166,10,61,23,105,603,2458,0.763288819062582,0.19073564297957,0.892524767449226
MA0627.3,POU2F3,33,166,9,61,24,105,607,2458,0.756623849574513,0.190756347046644,0.892524767449226
MA0792.1,POU5F1B,59,166,20,61,39,105,1001,2458,0.802589933431055,0.192248144876977,0.892688547595821
MA1481.1,DRGX,118,166,38,61,80,105,1860,2458,0.790367383512545,0.192638141329585,0.892688547595821
MA1559.2,SNAI3,106,166,37,61,69,105,1440,2458,1.24893518518519,0.192739228085365,0.892688547595821
MA0612.1,EMX1,89,166,25,61,64,105,1448,2458,0.806217263399584,0.192941112936123,0.892688547595821
MA0845.1,FOXB1,40,166,17,61,23,105,489,2458,1.27828091018275,0.194278596533474,0.894039993851757
MA1463.1,ARGFX,34,166,9,61,25,105,620,2458,0.763587487781036,0.194309715701676,0.894039993851757
MA1140.2,JUNB,2,166,0,61,2,105,11,2458,2.71286031042129,0.196772142379757,0.900381621192221
MA1537.1,NR2F1,2,166,1,61,1,105,11,2458,2.71286031042129,0.196772142379757,0.900381621192221
MA1478.2,DMRTA2,154,166,56,61,98,105,2337,2458,0.664455855084867,0.198020787196035,0.902734740648926
MA1522.1,MAZ,80,166,34,61,46,105,1313,2458,0.811208133335695,0.199237743747241,0.902734740648926
MA1581.2,ZBTB6,93,166,29,61,64,105,1245,2458,1.24122792540023,0.199373270522218,0.902734740648926
MA0769.2,TCF7,81,166,24,61,57,105,1326,2458,0.813521426670216,0.199460355098227,0.902734740648926
MA2458.1,ZNF146,9,166,5,61,4,105,87,2458,1.56226663738195,0.200005719779045,0.90274320802444
MA0052.1,MEF2A,17,166,5,61,12,105,341,2458,0.708319392233659,0.200617127527692,0.903048912800803
MA0716.1,PRRX1,124,166,39,61,85,105,1943,2458,0.782540499473078,0.201925364759518,0.903740522055233
MA1105.2,GRHL2,24,166,6,61,18,105,271,2458,1.36396237201809,0.202717250880818,0.903740522055233
MA0093.4,USF1,7,166,4,61,3,105,176,2458,0.570826186392224,0.20519110624196,0.903740522055233
MA0465.2,CDX2,29,166,12,61,17,105,538,2458,0.755433750305267,0.205274139111116,0.903740522055233
MA1512.1,KLF11,23,166,9,61,14,105,443,2458,0.731582187564129,0.207446669632176,0.903740522055233
MA0609.2,CREM,3,166,0,61,3,105,22,2458,2.03792526491913,0.207587703594348,0.903740522055233
MA0062.1,GABPA,18,166,2,61,16,105,360,2458,0.708783783783784,0.208633076914423,0.903740522055233
MA0785.2,POU2F1,51,166,18,61,33,105,877,2458,0.799474493084131,0.208991169539101,0.903740522055233
MA0025.3,NFIL3,53,166,16,61,37,105,671,2458,1.24910647165108,0.209112498220372,0.903740522055233
MA1981.2,ZNF530,3,166,1,61,2,105,98,2458,0.443220232878427,0.209115270611459,0.903740522055233
MA0162.4,EGR1,3,166,0,61,3,105,99,2458,0.438557352667782,0.209918412943226,0.903740522055233
MA0517.2,STAT1::STAT2,16,166,2,61,14,105,171,2458,1.42658869395712,0.210068328526912,0.903740522055233
MA0077.1,SOX9,52,166,19,61,33,105,896,2458,0.795191102756892,0.210405036302499,0.903740522055233
MA1947.2,ETV5::FOXO1,44,166,17,61,27,105,544,2458,1.26892478302797,0.210787276441323,0.903740522055233
MA0058.1,MAX,44,166,12,61,32,105,544,2458,1.26892478302797,0.210787276441323,0.903740522055233
MA0907.1,HOXC13,5,166,1,61,4,105,135,2458,0.534391534391534,0.210987005933533,0.903740522055233
MA0059.1,MAX::MYC,3,166,3,61,0,105,100,2458,0.43398773006135,0.211028855444481,0.903740522055233
MA0721.1,UNCX,122,166,37,61,85,105,1913,2458,0.789930143040441,0.211186407153455,0.903740522055233
MA0616.2,HES2,14,166,5,61,9,105,295,2458,0.675334522747547,0.212201422643794,0.903740522055233
MA0101.1,REL,40,166,15,61,25,105,707,2458,0.786241889495072,0.21399507842801,0.903740522055233
MA0002.1,RUNX1,31,166,10,61,21,105,568,2458,0.764084507042254,0.214168030240304,0.903740522055233
MA0902.2,HOXB2,129,166,42,61,87,105,2010,2458,0.777087535296491,0.214397330657526,0.903740522055233
MA0914.1,ISL2,111,166,37,61,74,105,1758,2458,0.803599131244182,0.214866954851594,0.903740522055233
MA2003.2,NKX2-4,111,166,35,61,76,105,1755,2458,0.808422688422689,0.216140719688614,0.903740522055233
MA0668.1,NEUROD2,19,166,8,61,11,105,372,2458,0.724782386072709,0.216458624403587,0.903740522055233
MA0812.1,TFAP2B,37,166,9,61,28,105,452,2458,1.27292995815326,0.216720746163755,0.903740522055233
MA1947.1,ETV5::FOXO1,13,166,9,61,4,105,133,2458,1.48533097449506,0.216973096581526,0.903740522055233
MA1528.2,NFIX,5,166,1,61,4,105,42,2458,1.78645371191955,0.217936567571107,0.903740522055233
MA0465.1,CDX2,57,166,24,61,33,105,965,2458,0.80906022721871,0.218236332273099,0.903740522055233
MA0484.1,HNF4G,10,166,2,61,8,105,97,2458,1.56026962727994,0.218435289672899,0.903740522055233
MA0800.2,EOMES,32,166,13,61,19,105,584,2458,0.766305459006338,0.218455637150163,0.903740522055233
MA0746.1,SP3,58,166,20,61,38,105,982,2458,0.807196198234895,0.219091561387048,0.903740522055233
MA0864.3,E2F2,2,166,2,61,0,105,12,2458,2.48577235772358,0.220564197650733,0.903740522055233
MA1550.2,PPARD,2,166,1,61,1,105,12,2458,2.48577235772358,0.220564197650733,0.903740522055233
MA1713.2,ZNF610,11,166,3,61,8,105,243,2458,0.646887030399575,0.220573637273289,0.903740522055233
MA0761.2,ETV1,15,166,7,61,8,105,308,2458,0.693429087468823,0.221673658778765,0.903740522055233
MA1601.1,ZNF75D,61,166,18,61,43,105,1030,2458,0.805436893203884,0.222213744004362,0.903740522055233
MA0790.1,POU4F1,7,166,5,61,2,105,66,2458,1.59557842576711,0.223570452061014,0.903740522055233
MA1549.2,POU6F1,89,166,27,61,62,105,1437,2458,0.821236522697901,0.223742219553298,0.903740522055233
MA1569.2,TFAP2E,89,166,33,61,56,105,1437,2458,0.821236522697901,0.223742219553298,0.903740522055233
MA0080.5,SPI1,3,166,0,61,3,105,23,2458,1.94851960522806,0.224531374662534,0.903740522055233
MA0528.2,ZNF263,66,166,26,61,40,105,1103,2458,0.81078875793291,0.226163630572951,0.903740522055233
MA1559.1,SNAI3,59,166,19,61,40,105,761,2458,1.2296044309627,0.226197536766771,0.903740522055233
MA0036.4,GATA2,100,166,34,61,66,105,1356,2458,1.23133994815411,0.226203056163317,0.903740522055233
MA0747.2,SP8,34,166,11,61,23,105,612,2458,0.776936026936027,0.226339476132184,0.903740522055233
MA0871.1,TFEC,39,166,14,61,25,105,482,2458,1.25892769627863,0.22807833561379,0.903740522055233
MA0765.1,ETV5,39,166,11,61,28,105,483,2458,1.25568543062552,0.228836945837748,0.903740522055233
MA1471.2,BARX2,93,166,27,61,66,105,1253,2458,1.22516918300189,0.228916377475963,0.903740522055233
MA0847.3,FOXD2,26,166,5,61,21,105,307,2458,1.30120986505351,0.22917355781466,0.903740522055233
MA0809.2,TEAD4,35,166,7,61,28,105,627,2458,0.780220850530212,0.230110148794371,0.903740522055233
MA0258.1,ESR2,1,166,1,61,0,105,3,2458,4.95959595959596,0.230151860824421,0.903740522055233
MA2491.1,ZNF134,1,166,0,61,1,105,3,2458,4.95959595959596,0.230151860824421,0.903740522055233
MA1589.3,ZNF140,1,166,0,61,1,105,3,2458,4.95959595959596,0.230151860824421,0.903740522055233
MA2528.1,ZNF732,1,166,0,61,1,105,3,2458,4.95959595959596,0.230151860824421,0.903740522055233
MA0076.2,ELK4,27,166,5,61,22,105,316,2458,1.31668336217102,0.232997026283311,0.912544421229207
MA0821.1,HES5,2,166,0,61,2,105,74,2458,0.392880685563612,0.233492702602296,0.912544421229207
MA1519.2,LHX5,116,166,34,61,82,105,1822,2458,0.809835345773875,0.235795568987012,0.919351857133698
MA0100.4,MYB,125,166,42,61,83,105,1950,2458,0.794246404002502,0.236341506921185,0.919351857133698
MA1655.1,ZNF341,41,166,17,61,24,105,510,2458,1.25283137254902,0.23733620120695,0.92106408926342
MA0890.1,GBX2,101,166,32,61,69,105,1610,2458,0.81842331581462,0.238641510673551,0.92314102705345
MA0474.2,ERG,22,166,8,61,14,105,254,2458,1.32567804024497,0.238982926931357,0.92314102705345
MA1501.1,HOXB7,29,166,8,61,21,105,529,2458,0.7718874615374,0.240100607938787,0.924148556607692
MA0492.2,JUND,22,166,9,61,13,105,255,2458,1.31988017429194,0.240356518034029,0.924148556607692
MA0088.3,ZNF143,3,166,1,61,2,105,24,2458,1.86656441717791,0.241735374780043,0.926690292401437
MA0700.1,LHX2,52,166,15,61,37,105,883,2458,0.813613876139953,0.242133405720785,0.926690292401437
MA0834.1,ATF7,2,166,0,61,2,105,13,2458,2.29362101313321,0.244576432861441,0.931416011209648
MA1566.3,TBX3,30,166,12,61,18,105,543,2458,0.777949301267468,0.244971994846479,0.931416011209648
MA1473.1,CDX4,23,166,8,61,15,105,430,2458,0.758562367864693,0.245050449668041,0.931416011209648
MA0763.1,ETV3,14,166,4,61,10,105,152,2458,1.39733379501385,0.247803353982125,0.933667987789556
MA0819.2,CLOCK,35,166,8,61,27,105,433,2458,1.24949315092643,0.250596471254531,0.933667987789556
MA0852.3,FOXK1,111,166,34,61,77,105,1751,2458,0.814879808940346,0.250660562859048,0.933667987789556
MA1103.3,FOXK2,111,166,34,61,77,105,1751,2458,0.814879808940346,0.250660562859048,0.933667987789556
MA1105.1,GRHL2,8,166,1,61,7,105,77,2458,1.56567483149762,0.251358150170457,0.933667987789556
MA2328.1,ZBED4,24,166,7,61,17,105,445,2458,0.764551353062193,0.25137639291345,0.933667987789556
MA0654.1,ISX,122,166,37,61,85,105,1902,2458,0.810534365739413,0.252354412015433,0.933667987789556
MA0877.2,BARHL1,110,166,33,61,77,105,1737,2458,0.815342544617156,0.253325145648993,0.933667987789556
MA1965.2,SP5,165,166,61,61,104,105,2407,2458,3.49605317823016,0.255107067532105,0.933667987789556
MA1633.2,BACH1,23,166,7,61,16,105,272,2458,1.2926264911559,0.255146093595412,0.933667987789556
MA1720.2,ZNF85,8,166,5,61,3,105,78,2458,1.544952937358,0.255170501339914,0.933667987789556
MA0036.3,GATA2,76,166,27,61,49,105,1013,2458,1.20456290446419,0.255267710080553,0.933667987789556
MA0060.2,NFYA,0,166,0,61,0,105,28,2458,0,0.255490379831275,0.933667987789556
MA0744.1,SCRT2,0,166,0,61,0,105,29,2458,0,0.255536535182458,0.933667987789556
MA1593.1,ZNF317,14,166,6,61,8,105,282,2458,0.710712952594252,0.255839373504136,0.933667987789556
MA1583.1,ZFP57,14,166,7,61,7,105,286,2458,0.699484725800515,0.255998957545537,0.933667987789556
MA1657.1,ZNF652,19,166,5,61,14,105,213,2458,1.36230078886015,0.256441872918233,0.933667987789556
MA0485.2,HOXC9,7,166,5,61,2,105,165,2458,0.611816275967219,0.256618189269895,0.933667987789556
MA0600.1,RFX2,0,166,0,61,0,105,30,2458,0,0.256695566657223,0.933667987789556
MA0598.4,EHF,64,166,21,61,43,105,1065,2458,0.820694099235939,0.256885171836139,0.933667987789556
MA2575.1,ZNF536,155,166,54,61,101,105,2343,2458,0.691615256275948,0.257970430090914,0.934406626961338
MA0471.2,E2F6,19,166,4,61,15,105,370,2458,0.729398786541644,0.258213511002561,0.934406626961338
MA0891.1,GSC2,67,166,24,61,43,105,1110,2458,0.821876421876422,0.258988025696839,0.935171979744457
MA0160.1,NR4A2,121,166,44,61,77,105,1686,2458,1.23121128245683,0.261282100066013,0.938943386171873
MA0466.1,CEBPB,46,166,17,61,29,105,587,2458,1.22183418512209,0.261765820497948,0.938943386171873
MA2510.1,ZBTB41,0,166,0,61,0,105,32,2458,0,0.262103341546417,0.938943386171873
MA0740.1,KLF14,1,166,0,61,1,105,56,2458,0.25995670995671,0.262293637076309,0.938943386171873
MA0156.3,FEV,8,166,4,61,4,105,80,2458,1.50506329113924,0.263765572883851,0.942181971096938
MA2679.1,IRX2,151,166,54,61,97,105,2293,2458,0.724378543392935,0.264578003066406,0.943055929384765
MA1945.2,ETV5::FIGLA,2,166,1,61,1,105,14,2458,2.12891986062718,0.268686620846786,0.952866182644718
MA0037.1,GATA3,160,166,56,61,104,105,2405,2458,0.587664587664588,0.269038755025185,0.952866182644718
MA0711.2,OTX1,141,166,47,61,94,105,2162,2458,0.772173913043478,0.269604796622607,0.952866182644718
MA1709.2,ZIM3,11,166,6,61,5,105,235,2458,0.671324639670556,0.269624988466597,0.952866182644718
MA0651.1,HOXC11,5,166,2,61,3,105,128,2458,0.565314440993789,0.272118100530369,0.95963516981092
MA0592.1,ESRRA,21,166,7,61,14,105,397,2458,0.751863111265526,0.272999464044666,0.960703622411421
MA1107.1,KLF9,20,166,9,61,11,105,232,2458,1.31435994331601,0.275360925287252,0.966965109729652
MA0598.3,EHF,8,166,1,61,7,105,179,2458,0.644650307616152,0.276331504778741,0.968326222441958
MA0778.2,NFKB2,3,166,3,61,0,105,89,2458,0.48990142689736,0.278231289629167,0.970799286482227
MA1937.2,ERF::HOXB13,3,166,1,61,2,105,88,2458,0.495677635248187,0.278388275764621,0.970799286482227
MA1155.1,ZSCAN4,1,166,0,61,1,105,4,2458,3.71818181818182,0.278928498650049,0.970799286482227
MA2330.1,ZBTB24,29,166,15,61,14,105,520,2458,0.788910724312184,0.279375110739617,0.970799286482227
MA0699.1,LBX2,98,166,30,61,68,105,1557,2458,0.833975594091201,0.28035991574596,0.970802769765477
MA1512.2,KLF11,39,166,13,61,26,105,680,2458,0.802941176470588,0.2805450508654,0.970802769765477
MA0140.3,GATA1::TAL1,6,166,3,61,3,105,56,2458,1.60848214285714,0.282791257878788,0.976152773270468
MA0743.3,SCRT1,12,166,2,61,10,105,250,2458,0.688207792207792,0.283266488089323,0.976152773270468
MA0842.1,NRL,57,166,18,61,39,105,953,2458,0.825832474946331,0.284146203773755,0.977157027884487
MA0833.2,ATF4,9,166,3,61,6,105,89,2458,1.5258713232663,0.28473987004909,0.977175463123012
MA0592.3,ESRRA,17,166,5,61,12,105,329,2458,0.738316231819016,0.286335344035554,0.978430471720227
MA2600.1,TPRX1,17,166,4,61,13,105,330,2458,0.7357331706325,0.286445888292003,0.978430471720227
MA1150.2,RORB,41,166,14,61,27,105,708,2458,0.810734463276836,0.286872751190699,0.978430471720227
MA0886.1,EMX2,60,166,17,61,43,105,999,2458,0.82667573233611,0.287990647665218,0.980230462647391
MA0618.2,LBX1,111,166,32,61,79,105,1743,2458,0.827882960413081,0.2905027504038,0.986758831126199
MA1707.2,DMRTA1,55,166,18,61,37,105,719,2458,1.1984237366713,0.292086241181053,0.990112748166795
MA0756.2,ONECUT2,27,166,10,61,17,105,331,2458,1.2482123062879,0.294644423482187,0.994276391459453
MA0745.2,SNAI2,80,166,33,61,47,105,1080,2458,1.18690783807063,0.294658446203294,0.994276391459453
MA0093.2,USF1,13,166,5,61,8,105,261,2458,0.715222998522525,0.29511033172156,0.994276391459453
MA0090.2,TEAD1,81,166,26,61,55,105,1308,2458,0.837830545062061,0.296399880516024,0.996599598253269
MA2324.1,BCL11A,88,166,27,61,61,105,1196,2458,1.19046393962782,0.297355956371977,0.997794431381523
MA1570.1,TFAP4,58,166,23,61,35,105,758,2458,1.20443662660022,0.298420883087944,0.999348965340876
MA0765.4,ETV5,17,166,7,61,10,105,194,2458,1.331488272331,0.299981157740477,1
MA0062.4,GABPA,25,166,8,61,17,105,458,2458,0.7742574870699,0.300358553587823,1
MA0673.1,NKX2-8,108,166,40,61,68,105,1694,2458,0.839799698733868,0.300525156040233,1
MA0843.2,TEF,13,166,0,61,13,105,141,2458,1.39623603578547,0.302704322345261,1
MA0745.1,SNAI2,147,166,56,61,91,105,2095,2458,1.34056023112674,0.305273883349559,1
MA1104.3,GATA6,61,166,20,61,41,105,804,2458,1.19514333096423,0.306023652035844,1
MA1970.2,TRPS1,61,166,20,61,41,105,804,2458,1.19514333096423,0.306023652035844,1
MA0662.1,MIXL1,119,166,35,61,84,105,1854,2458,0.824852532764121,0.306849448018983,1
MA2554.1,ZNF471,6,166,2,61,4,105,60,2458,1.49875,0.307039222088396,1
MA2595.1,ZNF700,14,166,4,61,10,105,276,2458,0.728165522501907,0.307086382006905,1
MA0905.2,HOXC10,49,166,18,61,31,105,829,2458,0.822956295815162,0.307756357714444,1
MA1565.1,TBX18,10,166,4,61,6,105,211,2458,0.682646737149107,0.311489840562887,1
MA0670.1,NFIA,139,166,48,61,91,105,1969,2458,1.27853958580216,0.312532357157344,1
MA0714.1,PITX3,102,166,35,61,67,105,1607,2458,0.843983354075918,0.313172168233714,1
MA0868.2,SOX8,52,166,18,61,34,105,872,2458,0.829631417994528,0.313782399109744,1
MA0687.2,SPIC,4,166,0,61,4,105,106,2458,0.547868623340321,0.316144798754385,1
MA0143.5,SOX2,117,166,43,61,74,105,1820,2458,0.837026239067055,0.316291320240023,1
MA1537.2,NR2F1,2,166,1,61,1,105,16,2458,1.86128048780488,0.316782696742873,1
MA2497.1,ZNF623,2,166,2,61,0,105,16,2458,1.86128048780488,0.316782696742873,1
MA0099.2,FOS::JUN,151,166,52,61,99,105,2163,2458,1.37293881954076,0.319228994650178,1
MA0071.1,RORA,39,166,12,61,27,105,671,2458,0.81782977574897,0.320944243089612,1
MA0766.1,GATA5,135,166,47,61,88,105,2074,2458,0.806296077394469,0.321896049916099,1
MA0043.1,HLF,10,166,0,61,10,105,105,2458,1.43650793650794,0.322782588624917,1
MA0873.1,HOXD12,2,166,1,61,1,105,71,2458,0.40999656475438,0.323539559025186,1
MA0137.3,STAT1,40,166,16,61,24,105,509,2458,1.21557987962703,0.323815723975144,1
MA0791.2,POU4F3,7,166,4,61,3,105,162,2458,0.623961487693144,0.324287453070954,1
MA1719.1,ZNF816,1,166,1,61,0,105,5,2458,2.97333333333333,0.324632152420226,1
MA1549.1,POU6F1,59,166,19,61,40,105,970,2458,0.845861836400424,0.32575594164843,1
MA1544.2,OVOL1,4,166,2,61,2,105,37,2458,1.61561561561562,0.325939844042884,1
MA1503.1,HOXB9,11,166,5,61,6,105,223,2458,0.711268624330971,0.326570603479757,1
MA1963.1,SATB1,30,166,9,61,21,105,533,2458,0.796683589007836,0.328296397502751,1
MA0681.2,PHOX2B,7,166,2,61,5,105,68,2458,1.54735479097299,0.328479033891597,1
MA0823.1,HEY1,16,166,5,61,11,105,306,2458,0.750152505446623,0.328891512652214,1
MA0103.3,ZEB1,125,166,48,61,77,105,1934,2458,0.826039801245996,0.328943516093248,1
MA0047.4,FOXA2,104,166,32,61,72,105,1443,2458,1.17988956698634,0.329121009852303,1
MA1479.2,DMRTC2,19,166,5,61,14,105,222,2458,1.30183244468959,0.329305539378936,1
MA0084.1,SRY,125,166,41,61,84,105,1932,2458,0.830051002373378,0.329882783971965,1
MA2678.1,IRX1,156,166,56,61,100,105,2350,2458,0.716936170212766,0.330141665987954,1
MA0843.1,TEF,10,166,0,61,10,105,108,2458,1.39482431149098,0.330141665987954,1
MA0754.3,CUX1,14,166,4,61,10,105,159,2458,1.33176100628931,0.330334568915403,1
MA2096.1,ZNF524,77,166,21,61,56,105,1045,2458,1.16984033116499,0.331970400086097,1
MA0477.1,FOSL1,42,166,19,61,23,105,540,2458,1.20304659498208,0.334295297095753,1
MA1631.2,ASCL1,72,166,26,61,46,105,1169,2458,0.844584387456091,0.335196503132797,1
MA1115.1,POU5F1,72,166,22,61,50,105,1167,2458,0.847344527703331,0.335268891440925,1
MA0893.2,GSX2,133,166,45,61,88,105,2044,2458,0.816313823163138,0.336485878005073,1
MA0695.2,ZBTB7C,89,166,28,61,61,105,1221,2458,1.17099035280853,0.336770787157602,1
MA0098.3,ETS1,25,166,10,61,15,105,309,2458,1.23310151713374,0.336983353641122,1
MA0835.2,BATF3,33,166,14,61,19,105,416,2458,1.21793666859456,0.337739249287242,1
MA0878.1,CDX1,110,166,35,61,75,105,1714,2458,0.852642107017836,0.339637727648584,1
MA0664.1,MLXIPL,10,166,1,61,9,105,111,2458,1.35539385539386,0.339817448499037,1
MA1140.3,JUNB,2,166,0,61,2,105,17,2458,1.75107604017217,0.340591038124602,1
MA1532.1,NR1D2,2,166,1,61,1,105,17,2458,1.75107604017217,0.340591038124602,1
MA0083.2,SRF,2,166,1,61,1,105,17,2458,1.75107604017217,0.340591038124602,1
MA1982.2,ZNF574,2,166,0,61,2,105,17,2458,1.75107604017217,0.340591038124602,1
MA1580.1,ZBTB32,26,166,8,61,18,105,318,2458,1.24977538185085,0.340857306936782,1
MA1568.2,TCF21,12,166,6,61,6,105,241,2458,0.716818451258285,0.341041063524829,1
MA0080.2,SPI1,122,166,42,61,80,105,1889,2458,0.835194186438231,0.343104592550864,1
MA0754.2,CUX1,10,166,2,61,8,105,112,2458,1.34271978021978,0.343524869574774,1
MA0893.3,GSX2,146,166,49,61,97,105,2220,2458,0.782612612612613,0.34432873587393,1
MA1968.2,TFCP2,20,166,5,61,15,105,238,2458,1.27777138252561,0.34432873587393,1
MA2098.1,ZNF766,48,166,21,61,27,105,802,2458,0.839934063147217,0.346638441535511,1
MA0712.1,OTX2,121,166,43,61,78,105,1875,2458,0.836065185185185,0.347077399529223,1
MA0810.2,TFAP2A,49,166,21,61,28,105,818,2458,0.839654776085094,0.34876742741982,1
MA0491.1,JUND,27,166,10,61,17,105,332,2458,1.24386755655716,0.349631434803468,1
MA2547.1,ZNF215,5,166,3,61,2,105,125,2458,0.579627329192547,0.35182761504251,1
MA2470.1,ZBTB48,155,166,57,61,98,105,2338,2458,0.723228866941442,0.353478298031165,1
MA2532.1,ZNF780B,13,166,6,61,7,105,253,2458,0.740525459195536,0.353918938747071,1
MA0523.2,TCF7L2,64,166,22,61,42,105,857,2458,1.17216921774544,0.355570345599467,1
MA1100.3,ASCL1,113,166,41,61,72,105,1583,2458,1.17850033969416,0.357206608425036,1
MA0068.2,PAX4,54,166,14,61,40,105,889,2458,0.850936043708822,0.359187422025564,1
MA1497.2,HOXA6,130,166,42,61,88,105,1994,2458,0.840298673799175,0.359552101836997,1
MA0742.2,KLF12,55,166,17,61,38,105,908,2458,0.845834821605747,0.360287406384848,1
MA0807.1,TBX5,111,166,40,61,71,105,1554,2458,1.17402597402597,0.360841577182685,1
MA0485.3,HOXC9,9,166,5,61,4,105,186,2458,0.700226011916992,0.360976318504166,1
MA0788.1,POU3F3,9,166,2,61,7,105,185,2458,0.704320881390945,0.361168434396731,1
MA0750.2,ZBTB7A,21,166,3,61,18,105,257,2458,1.24033275191198,0.362206296890536,1
MA1636.2,CEBPG,9,166,3,61,6,105,191,2458,0.680394837763031,0.362689879140875,1
MA1601.2,ZNF75D,1,166,1,61,0,105,45,2458,0.324983164983165,0.362813486336811,1
MA1651.2,ZFP42,1,166,0,61,1,105,46,2458,0.317786561264822,0.36369857184099,1
MA0723.2,VAX2,145,166,47,61,98,105,2200,2458,0.80974025974026,0.363726373495474,1
MA0656.1,JDP2,2,166,0,61,2,105,18,2458,1.65311653116531,0.3641399198679,1
MA2688.1,ZNF347,2,166,0,61,2,105,18,2458,1.65311653116531,0.3641399198679,1
MA1720.1,ZNF85,2,166,0,61,2,105,18,2458,1.65311653116531,0.3641399198679,1
MA0508.1,PRDM1,1,166,1,61,0,105,47,2458,0.310896196002579,0.365269091806117,1
MA1645.2,NKX2-2,14,166,4,61,10,105,268,2458,0.752651217596229,0.366154563467764,1
MA0482.2,GATA4,38,166,13,61,25,105,487,2458,1.20152079055441,0.366585075685409,1
MA0618.1,LBX1,95,166,27,61,68,105,1498,2458,0.857481336617838,0.3666368042574,1
MA1943.1,ETV2::HOXB13,1,166,0,61,1,105,6,2458,2.47676767676768,0.367455323809929,1
MA0776.1,MYBL1,1,166,1,61,0,105,6,2458,2.47676767676768,0.367455323809929,1
MA1969.2,THRA,1,166,1,61,0,105,6,2458,2.47676767676768,0.367455323809929,1
MA2591.1,ZNF850,1,166,1,61,0,105,6,2458,2.47676767676768,0.367455323809929,1
MA1946.2,ETV5::FOXI1,3,166,1,61,2,105,82,2458,0.53329343109382,0.36798325525334,1
MA1961.2,PATZ1,62,166,20,61,42,105,1006,2458,0.860452668603762,0.370873786769274,1
MA1506.1,HOXD10,3,166,1,61,2,105,86,2458,0.507633043230133,0.371345062932144,1
MA0786.2,POU3F1,41,166,15,61,26,105,696,2458,0.830367816091954,0.372137785257084,1
MA1540.1,NR5A1,77,166,28,61,49,105,1048,2458,1.16401492409298,0.3729330573637,1
MA0154.4,EBF1,3,166,1,61,2,105,87,2458,0.501586629997885,0.373106178173861,1
MA0079.1,SP1,100,166,37,61,63,105,1389,2458,1.16608853109933,0.373717323081699,1
MA1565.2,TBX18,78,166,22,61,56,105,1067,2458,1.15551248189486,0.374810441827189,1
MA0143.4,SOX2,68,166,25,61,43,105,1102,2458,0.853809400348161,0.374936256392641,1
MA1653.2,ZNF148,68,166,24,61,44,105,1095,2458,0.863703289534992,0.375976499445142,1
MA1554.2,RFX7,72,166,24,61,48,105,1157,2458,0.86128836499384,0.377250367450196,1
MA1513.2,KLF15,73,166,25,61,48,105,1173,2458,0.859894214815426,0.377376965321262,1
MA0899.1,HOXA10,83,166,29,61,54,105,1140,2458,1.15614035087719,0.377397118868787,1
MA2584.1,DNTTIP1,6,166,2,61,4,105,139,2458,0.625629496402878,0.377429996738948,1
MA0144.3,STAT3,79,166,33,61,46,105,1264,2458,0.857758620689655,0.377630557405089,1
MA0688.1,TBX2,15,166,7,61,8,105,285,2458,0.757406761937958,0.377661771254852,1
MA1138.1,FOSL2::JUNB,22,166,6,61,16,105,396,2458,0.795524691358025,0.380934758077271,1
MA1483.2,ELF2,5,166,0,61,5,105,48,2458,1.55926501035197,0.382365960374063,1
MA0504.1,NR2C2,5,166,3,61,2,105,48,2458,1.55926501035197,0.382365960374063,1
MA0523.1,TCF7L2,17,166,5,61,12,105,202,2458,1.27423749086318,0.382597336938669,1
MA0154.2,EBF1,55,166,28,61,27,105,735,2458,1.16154930440645,0.382831229979206,1
MA0655.1,JDP2,12,166,3,61,9,105,137,2458,1.32012513034411,0.383693121940486,1
MA2578.1,ZBTB8A,121,166,43,61,78,105,1710,2458,1.17619233268356,0.384021351017311,1
MA1630.2,ZNF281,46,166,13,61,33,105,766,2458,0.846736292428199,0.386106906903511,1
MA0156.2,FEV,17,166,7,61,10,105,205,2458,1.25392044524472,0.386878521875273,1
MA2686.1,ZEB2,161,166,59,61,102,105,2409,2458,0.654960564549606,0.387424940725884,1
MA0802.1,TBR1,16,166,8,61,8,105,299,2458,0.770211817168339,0.388224634384747,1
MA0649.2,HEY2,16,166,6,61,10,105,297,2458,0.77611672278339,0.388336990043178,1
MA0072.2,RORA,12,166,0,61,12,105,140,2458,1.29016697588126,0.390619909923997,1
MA1578.2,VEZF1,105,166,38,61,67,105,1640,2458,0.858556577369052,0.395542912730424,1
MA0089.2,MAFG::NRF1,0,166,0,61,0,105,23,2458,0,0.395680339940361,1
MA1132.1,JUN::JUNB,33,166,14,61,19,105,423,2458,1.1936756785581,0.39685900417162,1
MA1119.2,SIX2,8,166,4,61,4,105,90,2458,1.33220815752461,0.398901874056547,1
MA0473.2,ELF1,0,166,0,61,0,105,25,2458,0,0.401263876927975,1
MA1683.2,FOXA3,113,166,36,61,77,105,1591,2458,1.16185382398634,0.401769096029164,1
MA2469.1,FOXM1,113,166,36,61,77,105,1591,2458,1.16185382398634,0.401769096029164,1
MA0060.1,NFYA,13,166,2,61,11,105,150,2458,1.30736383442266,0.403494028656234,1
MA1944.1,ETV5::DRGX,0,166,0,61,0,105,26,2458,0,0.405837311453883,1
MA0478.2,FOSL2,46,166,20,61,26,105,611,2458,1.15878341516639,0.4059023929806,1
MA1528.1,NFIX,1,166,0,61,1,105,7,2458,2.12207792207792,0.40757852451591,1
MA0113.3,NR3C1,1,166,1,61,0,105,7,2458,2.12207792207792,0.40757852451591,1
MA0727.1,NR3C2,1,166,1,61,0,105,7,2458,2.12207792207792,0.40757852451591,1
MA0081.3,SPIB,4,166,0,61,4,105,99,2458,0.588352662426737,0.407919449973609,1
MA0640.3,ELF3,57,166,17,61,40,105,932,2458,0.856223175965665,0.408027499137107,1
MA0063.3,NKX2-5,99,166,34,61,65,105,1545,2458,0.873177800318794,0.408253763545371,1
MA0007.2,AR,4,166,1,61,3,105,100,2458,0.582222222222222,0.40875177312792,1
MA0673.2,NKX2-8,131,166,43,61,88,105,2006,2458,0.843355647343683,0.408940570054148,1
MA0679.2,ONECUT1,4,166,3,61,1,105,101,2458,0.576213176873243,0.409892945109003,1
MA1726.2,ZNF331,26,166,12,61,14,105,327,2458,1.21026649191787,0.409952233337468,1
MA1981.1,ZNF530,0,166,0,61,0,105,27,2458,0,0.411456713608588,1
MA0738.2,HIC2,166,166,61,61,105,105,2431,2458,Inf,0.411456713608588,1
MA1636.1,CEBPG,5,166,3,61,2,105,53,2458,1.40923473573186,0.41214126381003,1
MA1502.1,HOXB8,118,166,37,61,81,105,1817,2458,0.867249128600257,0.413397085852644,1
MA1563.1,SOX18,140,166,49,61,91,105,2127,2458,0.83794437814184,0.413550482184588,1
MA1547.2,PITX2,95,166,33,61,62,105,1486,2458,0.875210888480276,0.413693199354137,1
MA0912.2,HOXD3,61,166,16,61,45,105,984,2458,0.870247773906311,0.414104503350282,1
MA1646.1,OSR2,72,166,29,61,43,105,985,2458,1.14543687223242,0.414236200851167,1
MA0003.1,TFAP2A,147,166,50,61,97,105,2223,2458,0.817884792954045,0.41584010241889,1
MA0833.1,ATF4,3,166,1,61,2,105,25,2458,1.79116564417178,0.418022272693439,1
MA1534.1,NR1I3,78,166,27,61,51,105,1072,2458,1.14598880597015,0.419349979778409,1
MA1525.2,NFATC4,86,166,26,61,60,105,1358,2458,0.870765832106038,0.420375667515313,1
MA0035.5,GATA1,86,166,32,61,54,105,1355,2458,0.875073800738007,0.420964968772975,1
MA0039.4,KLF4,75,166,31,61,44,105,1196,2458,0.869657098754089,0.422505412354637,1
MA2577.1,ZXDC,85,166,35,61,50,105,1176,2458,1.14396993365247,0.422719521091467,1
MA0052.4,MEF2A,86,166,22,61,64,105,1191,2458,1.14359781696054,0.422957975502079,1
MA1480.2,DPRX,29,166,9,61,20,105,497,2458,0.835215673603666,0.424333248167702,1
MA0148.1,FOXA1,52,166,11,61,41,105,697,2458,1.152457902288,0.424558479869298,1
MA0148.2,FOXA1,52,166,11,61,41,105,697,2458,1.152457902288,0.424558479869298,1
MA1942.2,ETV2::FOXI1,27,166,13,61,14,105,348,2458,1.17774745720665,0.424558888759888,1
MA0017.3,NR2F1,38,166,11,61,27,105,496,2458,1.17433215725806,0.425289884099659,1
MA0056.1,MZF1,163,166,59,61,104,105,2432,2458,0.580866228070176,0.425439385198395,1
MA0475.2,FLI1,14,166,8,61,6,105,166,2458,1.2717184527584,0.425554834904674,1
MA1635.2,BHLHE22,136,166,51,61,85,105,1947,2458,1.18979626776237,0.429566145401432,1
MA0152.1,NFATC2,146,166,49,61,97,105,2206,2458,0.833907524932003,0.431631395485428,1
MA0017.1,NR2F1,2,166,2,61,0,105,60,2458,0.48739837398374,0.431933552948009,1
MA0081.1,SPIB,164,166,60,61,104,105,2399,2458,2.01667361400584,0.43194817994809,1
MA1489.1,FOXN3,21,166,5,61,16,105,374,2458,0.80700719159137,0.432579749962503,1
MA1730.1,ZNF708,2,166,0,61,2,105,62,2458,0.471282454760032,0.433432660140202,1
MA0712.3,OTX2,137,166,47,61,90,105,2088,2458,0.837131721495574,0.433740023795938,1
MA0830.3,TCF4,120,166,47,61,73,105,1702,2458,1.15873907934399,0.434471696282466,1
MA0774.1,MEIS2,109,166,43,61,66,105,1687,2458,0.873958755810688,0.437837819347094,1
MA1960.1,MGA::EVX1,5,166,3,61,2,105,111,2458,0.656650439259135,0.439623221786924,1
MA0478.1,FOSL2,41,166,17,61,24,105,541,2458,1.16224768946396,0.439911274103488,1
MA2336.1,ZSCAN21,145,166,49,61,96,105,2193,2458,0.834364753653399,0.440460618057512,1
MA0833.3,ATF4,9,166,3,61,6,105,184,2458,0.708460260315702,0.440626006082212,1
MA1464.2,ARNT2,33,166,11,61,22,105,561,2458,0.839009287925697,0.443228912939254,1
MA0827.1,OLIG3,15,166,5,61,10,105,275,2458,0.788561107766406,0.444512050665217,1
MA0597.1,THAP1,136,166,46,61,90,105,2068,2458,0.854932301740812,0.444567246196801,1
MA0837.3,CEBPE,1,166,0,61,1,105,8,2458,1.85606060606061,0.445171018755343,1
MA0899.2,HOXA10,106,166,34,61,72,105,1639,2458,0.882794386821233,0.446092222285009,1
MA0041.2,FOXD3,15,166,5,61,10,105,183,2458,1.23493648898057,0.446907115742036,1
MA1107.3,KLF9,15,166,8,61,7,105,183,2458,1.23493648898057,0.446907115742036,1
MA0782.3,PKNOX1,22,166,11,61,11,105,278,2458,1.1980415667466,0.449152512033417,1
MA0684.3,RUNX3,104,166,36,61,68,105,1611,2458,0.881920666386336,0.449226022020138,1
MA0836.1,CEBPD,10,166,4,61,6,105,116,2458,1.29420866489832,0.450381266824989,1
MA0499.2,MYOD1,31,166,9,61,22,105,404,2458,1.16747341400807,0.450684880296896,1
MA0605.2,ATF3,3,166,0,61,3,105,29,2458,1.54156970594457,0.451930676143986,1
MA0605.3,ATF3,3,166,0,61,3,105,29,2458,1.54156970594457,0.451930676143986,1
MA1956.2,FOXO1::FLI1,3,166,1,61,2,105,29,2458,1.54156970594457,0.451930676143986,1
MA1122.1,TFDP1,24,166,6,61,18,105,420,2458,0.820120724346077,0.453808361019069,1
MA1952.2,FOXJ2::ELF1,16,166,3,61,13,105,294,2458,0.785124716553288,0.455432421201125,1
MA0811.2,TFAP2B,45,166,20,61,25,105,603,2458,1.14407302331319,0.457555720226559,1
MA0670.2,NFIA,141,166,49,61,92,105,2023,2458,1.21275333662877,0.460111723841748,1
MA1935.2,ERF::FOXI1,71,166,30,61,41,105,977,2458,1.13290955125788,0.461605946227998,1
MA0491.3,JUND,23,166,9,61,14,105,295,2458,1.17930544032239,0.461661614718672,1
MA0100.3,MYB,120,166,39,61,81,105,1839,2458,0.878076459323356,0.46186213424422,1
MA0754.1,CUX1,26,166,7,61,19,105,448,2458,0.833227040816326,0.465806388511884,1
MA1523.2,MSANTD3,118,166,43,61,75,105,1815,2458,0.870913682277319,0.466321595251052,1
MA0442.2,SOX10,118,166,44,61,74,105,1810,2458,0.880110497237569,0.468296074082682,1
MA0689.1,TBX20,6,166,2,61,4,105,131,2458,0.666125954198473,0.468688630653441,1
MA0079.5,SP1,93,166,29,61,64,105,1298,2458,1.13852713341917,0.46974402436501,1
MA0516.3,SP2,93,166,30,61,63,105,1298,2458,1.13852713341917,0.46974402436501,1
MA0079.4,SP1,6,166,1,61,5,105,69,2458,1.29836956521739,0.472386695202587,1
MA0642.3,EN2,138,166,46,61,92,105,1980,2458,1.18982683982684,0.476877693959054,1
MA1121.1,TEAD2,28,166,7,61,21,105,481,2458,0.833951007864051,0.47746260303118,1
MA0765.3,ETV5,11,166,6,61,5,105,132,2458,1.2505376344086,0.478321766725045,1
MA0466.4,CEBPB,1,166,0,61,1,105,9,2458,1.64915824915825,0.480391520050415,1
MA0772.1,IRF7,1,166,0,61,1,105,9,2458,1.64915824915825,0.480391520050415,1
MA0525.1,TP63,1,166,0,61,1,105,9,2458,1.64915824915825,0.480391520050415,1
MA1975.1,ZNF214,1,166,0,61,1,105,9,2458,1.64915824915825,0.480391520050415,1
MA1982.1,ZNF574,1,166,0,61,1,105,9,2458,1.64915824915825,0.480391520050415,1
MA1519.1,LHX5,113,166,33,61,80,105,1740,2458,0.879787464758187,0.481359214077996,1
MA0672.2,NKX2-3,113,166,40,61,73,105,1740,2458,0.879787464758187,0.481359214077996,1
MA0498.2,MEIS1,163,166,60,61,103,105,2384,2458,1.68652125279642,0.481764895908996,1
MA0834.2,ATF7,3,166,0,61,3,105,32,2458,1.39532208588957,0.483162984410604,1
MA1730.2,ZNF708,12,166,5,61,7,105,226,2458,0.769566716469371,0.484745557002922,1
MA0598.1,EHF,120,166,43,61,77,105,1710,2458,1.14111365369947,0.486111830183487,1
MA2535.1,MYPOP,18,166,7,61,11,105,226,2458,1.20114805070557,0.488933771323169,1
MA0829.2,SREBF1,18,166,3,61,15,105,226,2458,1.20114805070557,0.488933771323169,1
MA0511.1,RUNX2,7,166,4,61,3,105,142,2458,0.718044113739038,0.489967230598557,1
MA0526.1,USF2,20,166,9,61,11,105,348,2458,0.830577861754054,0.490448830638716,1
MA1984.1,ZNF667,7,166,4,61,3,105,78,2458,1.34333172069021,0.491852861787288,1
MA2559.1,NACC2,163,166,59,61,104,105,2425,2458,0.739381443298969,0.494311292075093,1
MA0130.1,ZNF354C,163,166,61,61,102,105,2425,2458,0.739381443298969,0.494311292075093,1
MA1935.1,ERF::FOXI1,7,166,2,61,5,105,80,2458,1.30864779874214,0.497758749423371,1
MA1952.1,FOXJ2::ELF1,7,166,1,61,6,105,80,2458,1.30864779874214,0.497758749423371,1
MA0507.1,POU2F2,21,166,7,61,14,105,368,2458,0.822526236881559,0.498038382067198,1
MA1633.1,BACH1,12,166,7,61,5,105,146,2458,1.23394413805373,0.498445251789896,1
MA1558.2,SNAI1,153,166,55,61,98,105,2214,2458,1.29706066291432,0.498809557897118,1
MA0766.3,GATA5,104,166,35,61,69,105,1606,2458,0.889888723737597,0.501070632863461,1
MA0114.2,HNF4A,7,166,1,61,6,105,81,2458,1.29194813261899,0.501154355132059,1
MA0613.1,FOXG1,102,166,28,61,74,105,1579,2458,0.88721105129829,0.503854987471314,1
MA0114.5,HNF4A,22,166,5,61,17,105,378,2458,0.840681951793063,0.504929357454668,1
MA1573.1,THAP11,3,166,1,61,2,105,34,2458,1.31216167448575,0.50573022116901,1
MA0819.3,CLOCK,56,166,16,61,40,105,895,2458,0.889060436769934,0.505772450715505,1
MA1649.2,ZBTB12,101,166,32,61,69,105,1561,2458,0.892889173606663,0.506067570066996,1
MA1547.1,PITX2,137,166,47,61,90,105,2077,2458,0.866584762505603,0.507396665582084,1
MA0060.3,NFYA,29,166,8,61,21,105,383,2458,1.14682395990166,0.508877220249537,1
MA0648.1,GSC,60,166,18,61,42,105,960,2458,0.883254716981132,0.510594915233686,1
MA2599.1,TIGD3,36,166,8,61,28,105,594,2458,0.868997668997669,0.511817449058263,1
MA1493.1,HES6,1,166,0,61,1,105,38,2458,0.385964912280702,0.512469572370056,1
MA2597.1,LEUTX,122,166,41,61,81,105,1865,2458,0.881623202534731,0.512635928972693,1
MA0137.4,STAT1,44,166,17,61,27,105,593,2458,1.13427141790838,0.512635928972693,1
MA1940.2,ETV2::DRGX,1,166,1,61,0,105,39,2458,0.375912975912976,0.51336409361744,1
MA0113.4,NR3C1,1,166,1,61,0,105,10,2458,1.48363636363636,0.513388845096946,1
MA1966.1,TFAP4::ETV1,1,166,1,61,0,105,10,2458,1.48363636363636,0.513388845096946,1
MA1121.2,TEAD2,63,166,26,61,37,105,1002,2458,0.888785535724667,0.513909863752534,1
MA0844.2,XBP1,1,166,1,61,0,105,40,2458,0.366363636363636,0.514961402810106,1
MA0473.4,ELF1,37,166,12,61,25,105,610,2458,0.868928707586733,0.515276539051004,1
MA1100.1,ASCL1,37,166,11,61,26,105,613,2458,0.863272506544254,0.515475569411614,1
MA0046.3,HNF1A,1,166,1,61,0,105,41,2458,0.357280118255728,0.517222737804815,1
MA2692.1,ZNF43,1,166,1,61,0,105,41,2458,0.357280118255728,0.517222737804815,1
MA0828.1,SREBF2,7,166,1,61,6,105,85,2458,1.22907880133185,0.517397709597306,1
MA0032.2,FOXC1,76,166,26,61,50,105,1057,2458,1.1192683695995,0.517424278672552,1
MA0639.2,DBP,20,166,3,61,17,105,260,2458,1.15806111696523,0.517523668946716,1
MA0688.2,TBX2,68,166,26,61,42,105,1077,2458,0.889735281299149,0.517924708407929,1
MA0488.2,JUN,20,166,9,61,11,105,261,2458,1.15309924946203,0.518981081281505,1
MA1986.1,ZNF692,70,166,33,61,37,105,1106,2458,0.891350210970464,0.519126898425387,1
MA1542.2,OSR1,15,166,7,61,8,105,267,2458,0.815164818810924,0.519340451448599,1
MA0669.1,NEUROG2,13,166,6,61,7,105,162,2458,1.20422819333495,0.519556780831647,1
MA0660.1,MEF2B,4,166,2,61,2,105,90,2458,0.649657064471879,0.519822306296902,1
MA0773.1,MEF2D,4,166,2,61,2,105,90,2458,0.649657064471879,0.519822306296902,1
MA1645.1,NKX2-2,15,166,5,61,10,105,272,2458,0.798354109855863,0.519941208911995,1
MA0646.2,GCM1,1,166,0,61,1,105,42,2458,0.348629148629149,0.520109320181063,1
MA1111.1,NR2F2,72,166,20,61,52,105,1133,2458,0.89575782614411,0.520366627385053,1
MA1472.1,BHLHA15,89,166,32,61,57,105,1249,2458,1.11882752955611,0.52132058648914,1
MA0014.3,PAX5,4,166,1,61,3,105,93,2458,0.627903889552635,0.521588901269085,1
MA0867.3,SOX4,135,166,47,61,88,105,2044,2458,0.882046587967931,0.522569082045237,1
MA1102.1,CTCFL,4,166,1,61,3,105,95,2458,0.614165042235218,0.524234188387462,1
MA0756.3,ONECUT2,40,166,14,61,26,105,654,2458,0.875685646327848,0.524965142100854,1
MA0017.2,NR2F1,21,166,3,61,18,105,273,2458,1.15915119363395,0.52532943498638,1
MA1475.2,CREB3L4,13,166,2,61,11,105,165,2458,1.18078827490592,0.525578855527201,1
MA0039.5,KLF4,125,166,44,61,81,105,1789,2458,1.14009734284039,0.527904446427029,1
MA0836.2,CEBPD,9,166,5,61,4,105,174,2458,0.752470898308807,0.528380429699556,1
MA0070.2,PBX1,9,166,5,61,4,105,175,2458,0.747843494085532,0.528854346934636,1
MA0162.5,EGR1,16,166,4,61,12,105,288,2458,0.803703703703704,0.53022471075484,1
MA0810.1,TFAP2A,33,166,17,61,16,105,441,2458,1.13482686307606,0.531914998575929,1
MA0750.1,ZBTB7A,4,166,1,61,3,105,42,2458,1.42034097589653,0.532136646836509,1
MA1602.1,ZSCAN29,4,166,0,61,4,105,42,2458,1.42034097589653,0.532136646836509,1
MA0033.2,FOXL1,144,166,46,61,98,105,2173,2458,0.858469648161319,0.5321469496634,1
MA0030.1,FOXF2,8,166,2,61,6,105,95,2458,1.25942704863424,0.532766654689967,1
MA1467.1,ATOH1,22,166,7,61,15,105,289,2458,1.14662629757785,0.536088018035581,1
MA1928.1,BNC2,53,166,25,61,28,105,726,2458,1.11894487920232,0.539075711989984,1
MA1122.2,TFDP1,28,166,7,61,21,105,468,2458,0.862752384491515,0.539705408610534,1
MA0043.3,HLF,14,166,0,61,14,105,179,2458,1.17266980299912,0.540032953017793,1
MA1535.1,NR2C1,152,166,54,61,98,105,2278,2458,0.857895396964756,0.541995118513183,1
MA1557.1,SMAD5,4,166,0,61,4,105,44,2458,1.35465768799102,0.542586372702027,1
MA0508.2,PRDM1,54,166,21,61,33,105,745,2458,1.10860498561841,0.542876906222871,1
MA0597.2,THAP1,47,166,28,61,19,105,759,2458,0.884102257503792,0.54305942488061,1
MA0024.3,E2F1,1,166,0,61,1,105,11,2458,1.34820936639118,0.544302527344901,1
MA1943.2,ETV2::HOXB13,1,166,0,61,1,105,11,2458,1.34820936639118,0.544302527344901,1
MA1723.1,PRDM9,1,166,1,61,0,105,11,2458,1.34820936639118,0.544302527344901,1
MA1599.1,ZNF682,1,166,0,61,1,105,11,2458,1.34820936639118,0.544302527344901,1
MA1143.2,FOSL1::JUND,36,166,13,61,23,105,486,2458,1.12364672364672,0.547156369021075,1
MA0692.2,TFEB,49,166,16,61,33,105,789,2458,0.885909893514456,0.547273999133498,1
MA1986.2,ZNF692,117,166,41,61,76,105,1674,2458,1.11827956989247,0.547703768581204,1
MA1970.1,TRPS1,36,166,13,61,23,105,487,2458,1.12077081029853,0.547775247992598,1
MA0036.2,GATA2,15,166,6,61,9,105,191,2458,1.17905065705073,0.550205033210568,1
MA2330.2,ZBTB24,5,166,2,61,3,105,107,2458,0.682359087478957,0.550938174514651,1
MA1112.1,NR4A1,58,166,16,61,42,105,805,2458,1.10276052449966,0.551492830188709,1
MA1483.3,ELF2,15,166,3,61,12,105,192,2458,1.17239238410596,0.551622353784236,1
MA0873.2,HOXD12,5,166,2,61,3,105,108,2458,0.675753393144698,0.551687939559676,1
MA0048.1,NHLH1,5,166,4,61,1,105,109,2458,0.669268904211066,0.552678946814741,1
MA0497.2,MEF2C,37,166,12,61,25,105,503,2458,1.11478416323763,0.553027304209627,1
MA1639.1,MEIS1,19,166,9,61,10,105,330,2458,0.833477633477633,0.554761234146173,1
MA1134.2,FOS::JUNB,32,166,10,61,22,105,526,2458,0.8771352363657,0.557713660547485,1
MA1144.2,FOSL2::JUND,32,166,10,61,22,105,526,2458,0.8771352363657,0.557713660547485,1
MA0876.2,BSX,157,166,54,61,103,105,2349,2458,0.809469750721347,0.558942125235967,1
MA1566.1,TBX3,109,166,43,61,66,105,1554,2458,1.11242069136806,0.560754969492045,1
MA0528.1,ZNF263,9,166,5,61,4,105,110,2458,1.22362478286045,0.561052563447653,1
MA1150.1,RORB,33,166,10,61,23,105,540,2458,0.881286549707602,0.561794017892906,1
MA1152.1,SOX15,132,166,43,61,89,105,1903,2458,1.13226793607616,0.565516370014112,1
MA2675.1,HOMEZ,16,166,4,61,12,105,208,2458,1.15384615384615,0.566598376865295,1
MA1578.1,VEZF1,71,166,29,61,42,105,991,2458,1.1063465930214,0.567593067691241,1
MA1500.1,HOXB6,124,166,39,61,85,105,1887,2458,0.893380775733717,0.569548538434414,1
MA0052.5,MEF2A,100,166,29,61,71,105,1421,2458,1.10570874117672,0.570129228882556,1
MA2552.1,ZNF367,67,166,21,61,46,105,1051,2458,0.906005824178992,0.570968016027946,1
MA0490.1,JUNB,42,166,16,61,26,105,575,2458,1.10920056100982,0.571115473087831,1
MA0772.2,IRF7,1,166,0,61,1,105,12,2458,1.23535353535354,0.573263392758663,1
MA0797.1,TGIF2,1,166,0,61,1,105,12,2458,1.23535353535354,0.573263392758663,1
MA1978.1,ZNF354A,1,166,0,61,1,105,12,2458,1.23535353535354,0.573263392758663,1
MA2556.1,ZNF510,1,166,0,61,1,105,12,2458,1.23535353535354,0.573263392758663,1
MA0122.2,NKX3-2,71,166,23,61,48,105,1110,2458,0.907614983404457,0.573278199570152,1
MA1120.1,SOX13,85,166,32,61,53,105,1321,2458,0.903215857795722,0.573689436503158,1
MA0680.1,PAX7,9,166,4,61,5,105,115,2458,1.16793132096372,0.574548817694413,1
MA1497.1,HOXA6,81,166,25,61,56,105,1143,2458,1.09634089856415,0.574624379840572,1
MA0593.2,FOXP2,81,166,26,61,55,105,1256,2458,0.911970775571375,0.575433593528931,1
MA0800.1,EOMES,6,166,4,61,2,105,124,2458,0.705846774193548,0.577292447943921,1
MA0153.1,HNF1B,6,166,2,61,4,105,124,2458,0.705846774193548,0.577292447943921,1
MA2546.1,ZNF131,6,166,0,61,6,105,124,2458,0.705846774193548,0.577292447943921,1
MA1124.1,ZNF24,6,166,2,61,4,105,125,2458,0.6999,0.578350420239826,1
MA0476.1,FOS,45,166,21,61,24,105,615,2458,1.1144930457569,0.579192686446002,1
MA0770.1,HSF2,2,166,0,61,2,105,55,2458,0.532815964523282,0.580501126340895,1
MA0062.3,GABPA,13,166,5,61,8,105,235,2458,0.803754693366708,0.582713989456976,1
MA1125.1,ZNF384,137,166,41,61,96,105,2069,2458,0.888201863302278,0.583666515052192,1
MA0686.1,SPDEF,2,166,2,61,0,105,57,2458,0.513692768506633,0.583840397798879,1
MA1118.2,SIX1,29,166,8,61,21,105,391,2458,1.11902850635653,0.584939065078147,1
MA1130.1,FOSL2::JUN,24,166,8,61,16,105,400,2458,0.869577464788732,0.587326913834035,1
MA1128.2,FOSL1::JUN,42,166,16,61,26,105,674,2458,0.896525318273189,0.589974938488013,1
MA1130.2,FOSL2::JUN,42,166,16,61,26,105,674,2458,0.896525318273189,0.589974938488013,1
MA1536.1,NR2C2,161,166,59,61,102,105,2401,2458,0.764431486880467,0.591813370646955,1
MA0504.2,NR2C2,5,166,3,61,2,105,57,2458,1.30816170861937,0.591813370646956,1
MA0506.1,NRF1,14,166,1,61,13,105,248,2458,0.820776740237691,0.592508089326958,1
MA0767.2,GCM2,14,166,1,61,13,105,251,2458,0.809865799958062,0.59364167197516,1
MA0052.3,MEF2A,7,166,2,61,5,105,135,2458,0.757558816678314,0.596022324330246,1
MA0495.4,MAFF,10,166,4,61,6,105,130,2458,1.14792899408284,0.596115808139286,1
MA0116.2,ZNF423,7,166,3,61,4,105,136,2458,0.751664816870144,0.596244113915563,1
MA0154.5,EBF1,7,166,2,61,5,105,138,2458,0.740133078115031,0.59723148644421,1
MA0879.2,DLX1,134,166,39,61,95,105,2026,2458,0.8928923988154,0.599020037363655,1
MA1476.1,DLX5,134,166,39,61,95,105,2026,2458,0.8928923988154,0.599020037363655,1
MA0596.1,SREBF2,52,166,17,61,35,105,724,2458,1.09246874091306,0.599120654730553,1
MA1116.2,RBPJ,155,166,57,61,98,105,2321,2458,0.831733970467275,0.600026267625582,1
MA0759.2,ELK3,11,166,3,61,8,105,137,2458,1.20230751118437,0.600026267625582,1
MA1527.1,NFIC,1,166,0,61,1,105,13,2458,1.13986013986014,0.600394100074658,1
MA0727.2,NR3C2,1,166,1,61,0,105,13,2458,1.13986013986014,0.600394100074658,1
MA0829.3,SREBF1,53,166,13,61,40,105,738,2458,1.09312420557834,0.600911790129438,1
MA0649.1,HEY2,15,166,6,61,9,105,262,2458,0.832617157878772,0.601914039041897,1
MA0793.2,POU6F2,48,166,19,61,29,105,766,2458,0.898526353055716,0.603159826217956,1
MA0481.2,FOXP1,55,166,12,61,43,105,766,2458,1.09448874461929,0.604329955755707,1
MA2457.1,ZNF260,5,166,3,61,2,105,61,2458,1.22034416047246,0.607152887007024,1
MA1137.2,FOSL1::JUNB,57,166,23,61,34,105,795,2458,1.09388956205643,0.60780143141733,1
MA0028.2,ELK1,11,166,3,61,8,105,143,2458,1.14888337468983,0.609997229964874,1
MA0724.1,VENTX,53,166,15,61,38,105,837,2458,0.908353686258339,0.611931354667876,1
MA0103.2,ZEB1,106,166,38,61,68,105,1617,2458,0.918841475984333,0.613154667936463,1
MA0052.2,MEF2A,8,166,3,61,5,105,151,2458,0.773576997233632,0.614110276135668,1
MA1509.1,IRF6,5,166,2,61,3,105,63,2458,1.18061717440599,0.616490346042521,1
MA2492.1,ZNF18,58,166,22,61,36,105,914,2458,0.907204797795607,0.618498609405404,1
MA0640.1,ELF3,0,166,0,61,0,105,15,2458,0,0.618766785128696,1
MA1485.1,FERD3L,0,166,0,61,0,105,15,2458,0,0.618766785128696,1
MA1521.2,MAFA,0,166,0,61,0,105,15,2458,0,0.618766785128696,1
MA1588.1,ZNF136,0,166,0,61,0,105,15,2458,0,0.618766785128696,1
MA1589.2,ZNF140,0,166,0,61,0,105,15,2458,0,0.618766785128696,1
MA0163.1,PLAG1,0,166,0,61,0,105,16,2458,0,0.619068771321644,1
MA1594.1,ZNF382,0,166,0,61,0,105,16,2458,0,0.619068771321644,1
MA0753.1,ZNF740,17,166,4,61,13,105,294,2458,0.839793635575035,0.619280684905535,1
MA1104.1,GATA6,31,166,11,61,20,105,505,2458,0.888052805280528,0.619566126902312,1
MA2515.1,ZNF865,3,166,2,61,1,105,67,2458,0.656807984616794,0.623257631789828,1
MA0507.3,POU2F2,3,166,1,61,2,105,68,2458,0.646878383255143,0.623340567534231,1
MA0789.1,POU3F4,32,166,11,61,21,105,518,2458,0.89436984959373,0.623464254998389,1
MA0472.2,EGR2,0,166,0,61,0,105,18,2458,0,0.62397249914675,1
MA0784.3,POU1F1,0,166,0,61,0,105,18,2458,0,0.62397249914675,1
MA1149.2,RARA::RXRG,0,166,0,61,0,105,18,2458,0,0.62397249914675,1
MA1571.1,TGIF2LX,0,166,0,61,0,105,18,2458,0,0.62397249914675,1
MA0462.2,BATF::JUN,38,166,15,61,23,105,522,2458,1.10105363984674,0.624715336393599,1
MA0072.1,RORA,3,166,0,61,3,105,71,2458,0.61876782165385,0.625586590478501,1
MA1709.1,ZIM3,3,166,3,61,0,105,71,2458,0.61876782165385,0.625586590478501,1
MA0063.2,NKX2-5,66,166,24,61,42,105,1032,2458,0.911976744186047,0.625921278885544,1
MA2602.1,ZBED5,71,166,24,61,47,105,1005,2458,1.08052369730296,0.625978630973599,1
MA0820.1,FIGLA,100,166,32,61,68,105,1432,2458,1.08557643473845,0.626674872461546,1
MA0809.3,TEAD4,67,166,25,61,42,105,1045,2458,0.91509351892127,0.626677503780241,1
MA1517.1,KLF6,67,166,28,61,39,105,1044,2458,0.916618290181509,0.626777714915777,1
MA0104.5,MYCN,18,166,7,61,11,105,309,2458,0.845840986617686,0.626802359135826,1
MA0486.1,HSF1,3,166,1,61,2,105,72,2458,0.609918200408998,0.626965758937137,1
MA2540.1,SP140L,92,166,30,61,62,105,1411,2458,0.922519968586588,0.627410812669678,1
MA0760.2,ERF,23,166,11,61,12,105,306,2458,1.1311303076009,0.627568346898954,1
MA0037.2,GATA3,98,166,32,61,66,105,1402,2458,1.08550809767559,0.627865510869911,1
MA0638.2,CREB3,0,166,0,61,0,105,19,2458,0,0.628213109446728,1
MA0139.1,CTCF,0,166,0,61,0,105,19,2458,0,0.628213109446728,1
MA0501.2,MAF::NFE2,3,166,3,61,0,105,73,2458,0.601311034540718,0.628641627905474,1
MA0806.1,TBX4,95,166,35,61,60,105,1351,2458,1.09637097194566,0.628720471190562,1
MA0079.3,SP1,88,166,28,61,60,105,1353,2458,0.921409214092141,0.629250067240438,1
MA1646.2,OSR2,87,166,39,61,48,105,1338,2458,0.921836862121814,0.629685888682867,1
MA1534.2,NR1I3,85,166,28,61,57,105,1313,2458,0.915112878809248,0.629786754032136,1
MA1725.1,ZNF189,23,166,6,61,17,105,310,2458,1.11445973381457,0.630044282840069,1
MA0750.3,ZBTB7A,34,166,6,61,28,105,551,2458,0.891464554803938,0.630208528567735,1
MA0695.1,ZBTB7C,6,166,3,61,3,105,71,2458,1.26073943661972,0.630602632566673,1
MA2568.1,ZNF568,23,166,5,61,18,105,311,2458,1.11035909428192,0.630855372548186,1
MA0471.1,E2F6,79,166,27,61,52,105,1219,2458,0.922944188283217,0.631167810191877,1
MA0147.4,MYC,40,166,12,61,28,105,552,2458,1.09615827007131,0.631692230530848,1
MA0693.2,VDR,143,166,49,61,94,105,2146,2458,0.903926415170793,0.631741577708409,1
MA0501.1,MAF::NFE2,0,166,0,61,0,105,20,2458,0,0.633433674936869,1
MA0073.1,RREB1,0,166,0,61,0,105,20,2458,0,0.633433674936869,1
MA1712.2,ZNF454,0,166,0,61,0,105,20,2458,0,0.633433674936869,1
MA1123.1,TWIST1,35,166,16,61,19,105,567,2458,0.891056450852888,0.633499344389093,1
MA0076.3,ELK4,36,166,8,61,28,105,581,2458,0.894637892228254,0.63650516948228,1
MA0666.2,MSX1,124,166,34,61,90,105,1878,2458,0.911810943759826,0.637358149563267,1
MA0481.1,FOXP1,20,166,9,61,11,105,339,2458,0.856265405907787,0.640296652861557,1
MA1953.1,FOXO1::ELF1,6,166,2,61,4,105,75,2458,1.1915,0.641060125545416,1
MA1954.1,FOXO1::ELK1,6,166,3,61,3,105,75,2458,1.1915,0.641060125545416,1
MA1657.2,ZNF652,25,166,8,61,17,105,338,2458,1.11209031012632,0.642049757187057,1
MA1964.2,SMAD2,141,166,47,61,94,105,2119,2458,0.902293534686173,0.64266391489321,1
MA1959.2,KLF7,121,166,43,61,78,105,1836,2458,0.910941660614863,0.645142726444452,1
MA0058.3,MAX,45,166,11,61,34,105,624,2458,1.09305467260013,0.645553246435797,1
MA1518.1,LHX1,145,166,47,61,98,105,2106,2458,1.15407226518338,0.645926155498581,1
MA0713.1,PHOX2A,21,166,9,61,12,105,353,2458,0.863631923415063,0.646115467672093,1
MA2687.1,ZNF251,2,166,0,61,2,105,20,2458,1.48658536585366,0.646266977990368,1
MA0648.2,GSC,140,166,47,61,93,105,2107,2458,0.897009966777409,0.647095259843562,1
MA0891.2,GSC2,140,166,47,61,93,105,2107,2458,0.897009966777409,0.647095259843562,1
MA0682.3,PITX1,140,166,47,61,93,105,2107,2458,0.897009966777409,0.647095259843562,1
MA0714.2,PITX3,140,166,47,61,93,105,2107,2458,0.897009966777409,0.647095259843562,1
MA0850.1,FOXP3,140,166,45,61,95,105,2106,2458,0.89999269486449,0.647557506498615,1
MA0682.2,PITX1,140,166,47,61,93,105,2106,2458,0.89999269486449,0.647557506498615,1
MA0025.1,NFIL3,26,166,3,61,23,105,354,2458,1.10379338175948,0.648682159865124,1
MA1144.1,FOSL2::JUND,22,166,6,61,16,105,364,2458,0.878891941391941,0.651435756529814,1
MA0764.2,ETV4,144,166,55,61,89,105,2096,2458,1.13046495489244,0.651652157537964,1
MA0157.2,FOXO3,43,166,9,61,34,105,682,2458,0.910378370645877,0.654418062582595,1
MA2543.1,ZBTB47,11,166,4,61,7,105,193,2458,0.832859769346482,0.654939403450672,1
MA0636.1,BHLHE41,6,166,1,61,5,105,79,2458,1.12927215189873,0.655117707108141,1
MA1972.1,ZFP14,4,166,3,61,1,105,82,2458,0.715447154471545,0.655628034645024,1
MA0160.2,NR4A2,44,166,12,61,32,105,698,2458,0.909389825731598,0.656478145588769,1
MA0687.1,SPIC,4,166,0,61,4,105,85,2458,0.689324618736383,0.656673554212445,1
MA0910.2,HOXD8,122,166,39,61,83,105,1763,2458,1.09304903831279,0.656727581342235,1
MA0490.2,JUNB,15,166,5,61,10,105,196,2458,1.1464387079335,0.657142515362345,1
MA1151.1,RORC,23,166,5,61,18,105,384,2458,0.868699009324009,0.657397064529612,1
MA0502.2,NFYB,15,166,5,61,10,105,197,2458,1.14011496957676,0.657899247574791,1
MA1725.2,ZNF189,45,166,17,61,28,105,716,2458,0.904820167136064,0.65863312576483,1
MA0694.2,ZBTB7B,4,166,2,61,2,105,88,2458,0.664983164983165,0.659924345816907,1
MA0090.4,TEAD1,46,166,13,61,33,105,726,2458,0.914508723599633,0.660516042783491,1
MA0491.2,JUND,15,166,5,61,10,105,200,2458,1.12152317880795,0.660798179744002,1
MA1977.2,ZNF324,2,166,1,61,1,105,22,2458,1.35033259423503,0.661507279006166,1
MA1110.1,NR1H4,24,166,11,61,13,105,393,2458,0.888076550908505,0.661781669131941,1
MA0496.1,MAFK,7,166,2,61,5,105,87,2458,1.1998120436637,0.663220502289651,1
MA2514.1,ZNF853,48,166,17,61,31,105,755,2458,0.917544056572006,0.664176748162916,1
MA0875.2,BARX1,151,166,50,61,101,105,2255,2458,0.906223207686622,0.664601903468052,1
MA0639.1,DBP,16,166,2,61,14,105,213,2458,1.12425665101721,0.669285267619767,1
MA2326.1,IKZF2,159,166,57,61,102,105,2368,2458,0.863296332046332,0.669702049325482,1
MA1635.1,BHLHE22,114,166,42,61,72,105,1639,2458,1.09548505186089,0.670357326322401,1
MA1964.1,SMAD2,140,166,47,61,93,105,2037,2458,1.11287338091462,0.671103016254122,1
MA0634.2,ALX3,135,166,40,61,95,105,2034,2458,0.907793320011419,0.671582717381433,1
MA0879.3,DLX1,135,166,40,61,95,105,2034,2458,0.907793320011419,0.671582717381433,1
MA0882.1,DLX6,135,166,40,61,95,105,2034,2458,0.907793320011419,0.671582717381433,1
MA0882.2,DLX6,135,166,40,61,95,105,2034,2458,0.907793320011419,0.671582717381433,1
MA1481.2,DRGX,135,166,40,61,95,105,2034,2458,0.907793320011419,0.671582717381433,1
MA0612.3,EMX1,135,166,40,61,95,105,2034,2458,0.907793320011419,0.671582717381433,1
MA0886.2,EMX2,135,166,40,61,95,105,2034,2458,0.907793320011419,0.671582717381433,1
MA0027.3,EN1,135,166,40,61,95,105,2034,2458,0.907793320011419,0.671582717381433,1
MA0890.2,GBX2,135,166,40,61,95,105,2034,2458,0.907793320011419,0.671582717381433,1
MA0894.2,HESX1,135,166,40,61,95,105,2034,2458,0.907793320011419,0.671582717381433,1
MA0654.2,ISX,135,166,40,61,95,105,2034,2458,0.907793320011419,0.671582717381433,1
MA0699.2,LBX2,135,166,40,61,95,105,2034,2458,0.907793320011419,0.671582717381433,1
MA0662.2,MIXL1,135,166,40,61,95,105,2034,2458,0.907793320011419,0.671582717381433,1
MA0666.3,MSX1,135,166,40,61,95,105,2034,2458,0.907793320011419,0.671582717381433,1
MA0708.3,MSX2,135,166,40,61,95,105,2034,2458,0.907793320011419,0.671582717381433,1
MA0716.2,PRRX1,135,166,40,61,95,105,2034,2458,0.907793320011419,0.671582717381433,1
MA0718.2,RAX,135,166,40,61,95,105,2034,2458,0.907793320011419,0.671582717381433,1
MA0717.2,RAX2,135,166,40,61,95,105,2034,2458,0.907793320011419,0.671582717381433,1
MA1577.2,TLX2,135,166,40,61,95,105,2034,2458,0.907793320011419,0.671582717381433,1
MA0721.2,UNCX,135,166,40,61,95,105,2034,2458,0.907793320011419,0.671582717381433,1
MA0790.2,POU4F1,16,166,7,61,9,105,218,2458,1.0960244648318,0.67469192974831,1
MA0141.4,ESRRB,13,166,7,61,6,105,224,2458,0.847397292250233,0.675311231771873,1
MA1630.3,ZNF281,56,166,16,61,40,105,877,2458,0.917756815590339,0.675455151507595,1
MA0871.3,TFEC,13,166,3,61,10,105,227,2458,0.835075292965938,0.675911988699804,1
MA0150.1,NFE2L2,13,166,8,61,5,105,229,2458,0.827039986300197,0.67678069238531,1
MA0102.4,CEBPA,7,166,4,61,3,105,93,2458,1.11956448231555,0.677832256641958,1
MA1642.1,NEUROG2,64,166,28,61,36,105,905,2458,1.07671974867295,0.67807279320507,1
MA0058.4,MAX,61,166,18,61,43,105,947,2458,0.926947251973651,0.680728995297088,1
MA0825.2,MNT,61,166,18,61,43,105,947,2458,0.926947251973651,0.680728995297088,1
MA0634.1,ALX3,97,166,27,61,70,105,1478,2458,0.932125277009668,0.682743624900808,1
MA2118.1,FOXS1,64,166,14,61,50,105,989,2458,0.931977239834255,0.68349166060542,1
MA0642.1,EN2,66,166,20,61,46,105,1024,2458,0.9242578125,0.6842804411656,1
MA0805.1,TBX1,67,166,24,61,43,105,1038,2458,0.925828613689885,0.684905341778587,1
MA1134.1,FOS::JUNB,18,166,5,61,13,105,240,2458,1.12398648648649,0.685483837520214,1
MA0650.1,HOXA13,68,166,24,61,44,105,1052,2458,0.927368666097618,0.685503460957621,1
MA1683.1,FOXA3,76,166,20,61,56,105,1085,2458,1.06859190988223,0.687191968390576,1
MA0656.2,JDP2,2,166,0,61,2,105,25,2458,1.18682926829268,0.687215855004302,1
MA0801.1,MGA,94,166,35,61,59,105,1351,2458,1.06976313841599,0.687820338990312,1
MA0672.1,NKX2-3,80,166,29,61,51,105,1143,2458,1.07021506032676,0.688316529286477,1
MA1132.2,JUN::JUNB,87,166,35,61,52,105,1328,2458,0.937071069086473,0.688416715104495,1
MA1517.2,KLF6,89,166,36,61,53,105,1275,2458,1.07244206773619,0.68867823302644,1
MA1498.1,HOXA7,130,166,45,61,85,105,1960,2458,0.917517006802721,0.69022575960952,1
MA1640.1,MEIS2,8,166,2,61,6,105,104,2458,1.1460564751704,0.690247740963786,1
MA0817.1,BHLHE23,8,166,2,61,6,105,105,2458,1.13465943339361,0.692181658450346,1
MA0765.2,ETV5,32,166,8,61,24,105,511,2458,0.909892806028566,0.692921100369965,1
MA1979.1,ZNF416,19,166,10,61,9,105,255,2458,1.11663331999466,0.693408984994048,1
MA0524.2,TFAP2C,19,166,9,61,10,105,257,2458,1.10693771672093,0.694516639319623,1
MA1644.1,NFYC,34,166,10,61,24,105,540,2458,0.914870931537598,0.698896943381787,1
MA0468.1,DUX4,16,166,7,61,9,105,272,2458,0.857254901960784,0.699894453143113,1
MA0813.1,TFAP2B,6,166,3,61,3,105,113,2458,0.77820796460177,0.700615220082753,1
MA0849.1,FOXO6,127,166,42,61,85,105,1910,2458,0.934299906027655,0.701106426731854,1
MA0510.1,RFX5,6,166,2,61,4,105,115,2458,0.764021739130435,0.701336289936777,1
MA2102.1,ZBTB17,6,166,2,61,4,105,118,2458,0.74364406779661,0.703626472895651,1
MA0037.3,GATA3,126,166,42,61,84,105,1895,2458,0.935857519788918,0.70386779160519,1
MA0908.1,HOXD11,17,166,7,61,10,105,287,2458,0.863059186680074,0.70658414918575,1
MA1728.1,ZNF549,37,166,13,61,24,105,585,2458,0.918319750877891,0.706691169266734,1
MA0842.3,NRL,9,166,3,61,6,105,118,2458,1.13678074058081,0.707277484023268,1
MA1138.2,FOSL2::JUNB,38,166,13,61,25,105,603,2458,0.913272180762852,0.709018233397524,1
MA0099.4,FOS::JUN,38,166,15,61,23,105,598,2458,0.923390468227425,0.709267911899197,1
MA0043.2,HLF,21,166,3,61,18,105,289,2458,1.08695859682615,0.709615502564038,1
MA1934.2,ERF::FIGLA,2,166,1,61,1,105,28,2458,1.05836236933798,0.714607192189798,1
MA0642.2,EN2,120,166,38,61,82,105,1811,2458,0.931985691306749,0.716076643043229,1
MA0114.4,HNF4A,7,166,2,61,5,105,126,2458,0.814814814814815,0.716956597237083,1
MA1950.2,FLI1::FOXI1,19,166,8,61,11,105,312,2458,0.889019710448282,0.71780064416777,1
MA0785.1,POU2F1,19,166,6,61,13,105,314,2458,0.882533905281858,0.717879032369456,1
MA1143.1,FOSL1::JUND,22,166,9,61,13,105,307,2458,1.07043973941368,0.717959171092879,1
MA0664.2,MLXIPL,47,166,11,61,36,105,663,2458,1.06930555027441,0.718297037988542,1
MA0131.1,HINFP,1,166,0,61,1,105,30,2458,0.490505050505051,0.718622935244953,1
MA0046.2,HNF1A,1,166,1,61,0,105,30,2458,0.490505050505051,0.718622935244953,1
MA0799.1,RFX4,1,166,1,61,0,105,30,2458,0.490505050505051,0.718622935244953,1
MA2490.1,ZFP3,1,166,0,61,1,105,30,2458,0.490505050505051,0.718622935244953,1
MA0154.3,EBF1,1,166,1,61,0,105,31,2458,0.474486803519062,0.71884719772104,1
MA1937.1,ERF::HOXB13,1,166,0,61,1,105,31,2458,0.474486803519062,0.71884719772104,1
MA0646.1,GCM1,1,166,0,61,1,105,31,2458,0.474486803519062,0.71884719772104,1
MA0778.1,NFKB2,1,166,1,61,0,105,31,2458,0.474486803519062,0.71884719772104,1
MA0507.2,POU2F2,1,166,0,61,1,105,32,2458,0.459469696969697,0.719644972996324,1
MA1120.2,SOX13,118,166,40,61,78,105,1777,2458,0.942107484524479,0.721093546191247,1
MA0477.2,FOSL1,23,166,7,61,16,105,321,2458,1.0707579025336,0.722679786474571,1
MA1639.2,MEIS1,45,166,18,61,27,105,708,2458,0.919246393052248,0.722935005249645,1
MA1971.2,ZBED2,51,166,9,61,42,105,721,2458,1.06840740517397,0.724994271787552,1
MA1554.1,RFX7,47,166,15,61,32,105,734,2458,0.927666979598379,0.726049490481208,1
MA1959.1,KLF7,114,166,42,61,72,105,1724,2458,0.933383901481349,0.726267760779677,1
MA1966.2,TFAP4::ETV1,1,166,1,61,0,105,36,2458,0.407744107744108,0.727798768194319,1
MA2681.1,KLF8,49,166,13,61,36,105,765,2458,0.926842075861684,0.7289411708221,1
MA0803.1,TBX15,50,166,17,61,33,105,778,2458,0.93076854888751,0.730336716276765,1
MA0892.2,GSX1,156,166,53,61,103,105,2320,2458,0.927931034482759,0.730473630659722,1
MA1498.3,HOXA7,156,166,53,61,103,105,2320,2458,0.927931034482759,0.730473630659722,1
MA0902.3,HOXB2,156,166,53,61,103,105,2320,2458,0.927931034482759,0.730473630659722,1
MA0903.2,HOXB3,156,166,53,61,103,105,2320,2458,0.927931034482759,0.730473630659722,1
MA1504.2,HOXC4,156,166,53,61,103,105,2320,2458,0.927931034482759,0.730473630659722,1
MA1507.2,HOXD4,156,166,53,61,103,105,2320,2458,0.927931034482759,0.730473630659722,1
MA2682.1,MYT1L,156,166,54,61,102,105,2320,2458,0.927931034482759,0.730473630659722,1
MA0675.2,NKX6-2,156,166,53,61,103,105,2320,2458,0.927931034482759,0.730473630659722,1
MA0132.3,PDX1,156,166,53,61,103,105,2320,2458,0.927931034482759,0.730473630659722,1
MA0723.3,VAX2,156,166,53,61,103,105,2320,2458,0.927931034482759,0.730473630659722,1
MA0913.2,HOXD9,54,166,22,61,32,105,770,2458,1.0569573283859,0.730564971071978,1
MA1501.2,HOXB7,111,166,34,61,77,105,1674,2458,0.945193874226132,0.7316528548706,1
MA1523.1,MSANTD3,57,166,17,61,40,105,813,2458,1.05809269101865,0.733970871514831,1
MA0659.2,MAFG,3,166,1,61,2,105,36,2458,1.23824130879346,0.734333576784223,1
MA0620.3,MITF,3,166,1,61,2,105,36,2458,1.23824130879346,0.734333576784223,1
MA0627.2,POU2F3,23,166,8,61,15,105,371,2458,0.904774470812207,0.736914234903668,1
MA0593.1,FOXP2,63,166,20,61,43,105,901,2458,1.0569809165652,0.739920381934046,1
MA0090.3,TEAD1,24,166,6,61,18,105,384,2458,0.912852112676056,0.741083118641622,1
MA0477.3,FOSL1,28,166,11,61,17,105,388,2458,1.08247422680412,0.741665907075868,1
MA0490.3,JUNB,28,166,11,61,17,105,388,2458,1.08247422680412,0.741665907075868,1
MA0042.1,FOXI1,100,166,27,61,73,105,1514,2458,0.944717985669108,0.742060234597001,1
MA0695.3,ZBTB7C,104,166,38,61,66,105,1499,2458,1.07314553788547,0.742260280602816,1
MA0913.3,HOXD9,66,166,25,61,41,105,947,2458,1.05307286166843,0.742701806572249,1
MA1708.1,ETV7,28,166,10,61,18,105,392,2458,1.06935817805383,0.74310234404719,1
MA0148.5,FOXA1,68,166,20,61,48,105,974,2458,1.05720152537401,0.743519268185418,1
MA0904.2,HOXB5,98,166,29,61,69,105,1483,2458,0.947503074054976,0.743713068796106,1
MA1525.1,NFATC4,101,166,28,61,73,105,1456,2458,1.06933643279797,0.744138693150363,1
MA0258.2,ESR2,3,166,2,61,1,105,39,2458,1.14157621519585,0.746434494336654,1
MA0495.3,MAFF,3,166,1,61,2,105,39,2458,1.14157621519585,0.746434494336654,1
MA0761.3,ETV1,75,166,28,61,47,105,1075,2458,1.06031178124201,0.746727265543487,1
MA2537.1,SALL3,72,166,24,61,48,105,1106,2458,0.936324112192682,0.747200101752502,1
MA0700.2,LHX2,76,166,25,61,51,105,1091,2458,1.0580710866687,0.74722679857327,1
MA2333.1,ZNF35,74,166,22,61,52,105,1134,2458,0.939115098535388,0.747750615135013,1
MA2536.1,PRDM13,26,166,13,61,13,105,415,2458,0.914251290877797,0.748302695797392,1
MA1971.1,ZBED2,12,166,3,61,9,105,164,2458,1.08995882166614,0.748373027938771,1
MA0018.5,CREB1,28,166,10,61,18,105,446,2458,0.915318125690518,0.754794888932999,1
MA0610.1,DMRT3,32,166,14,61,18,105,450,2458,1.06560530679934,0.756178532666005,1
MA0136.2,ELF5,33,166,9,61,24,105,462,2458,1.07196562835661,0.758365135585652,1
MA0837.1,CEBPE,11,166,5,61,6,105,185,2458,0.871944202266783,0.761817800229044,1
MA0502.3,NFYB,31,166,12,61,19,105,488,2458,0.92698846387371,0.763389682904805,1
MA2576.1,ZXDB,135,166,52,61,83,105,1965,2458,1.09258803250431,0.763440188344155,1
MA1574.2,THRB,2,166,1,61,1,105,45,2458,0.653929539295393,0.766387202009836,1
MA1946.1,ETV5::FOXI1,2,166,1,61,1,105,46,2458,0.639448568398727,0.766574551556794,1
MA0831.3,TFE3,2,166,1,61,1,105,46,2458,0.639448568398727,0.766574551556794,1
MA1133.1,JUN::JUNB,2,166,0,61,2,105,49,2458,0.599552015928323,0.76901289467865,1
MA0473.1,ELF1,12,166,2,61,10,105,205,2458,0.856382641748495,0.770397948161093,1
MA2594.1,DMTF1,2,166,2,61,0,105,51,2458,0.575561932089909,0.772047711087922,1
MA0486.2,HSF1,2,166,0,61,2,105,51,2458,0.575561932089909,0.772047711087922,1
MA1133.2,JUN::JUNB,2,166,0,61,2,105,51,2458,0.575561932089909,0.772047711087922,1
MA1421.1,TCF7L1,2,166,2,61,0,105,51,2458,0.575561932089909,0.772047711087922,1
MA0489.1,JUN,15,166,3,61,12,105,208,2458,1.07456698930209,0.773587681426299,1
MA0658.1,LHX6,36,166,11,61,25,105,563,2458,0.932094548435579,0.774827873899248,1
MA0149.1,EWSR1-FLI1,4,166,3,61,1,105,51,2458,1.16533526991043,0.776063822933391,1
MA1536.2,NR2C2,162,166,58,61,104,105,2407,2458,0.858122143747403,0.776063822933392,1
MA0775.2,MEIS3,153,166,55,61,98,105,2242,2458,1.13387771906951,0.776862995988366,1
MA2527.1,ZNF726,13,166,4,61,9,105,218,2458,0.873058703603766,0.77704848057452,1
MA0820.2,FIGLA,162,166,59,61,103,105,2406,2458,0.875311720698254,0.778400928683457,1
MA0139.2,CTCF,4,166,0,61,4,105,52,2458,1.14245014245014,0.778400928683457,1
MA1141.2,FOS::JUND,38,166,15,61,23,105,594,2458,0.931607744107744,0.778655356454368,1
MA0708.2,MSX2,127,166,36,61,91,105,1847,2458,1.07724237502256,0.780521684007946,1
MA0757.1,ONECUT3,4,166,2,61,2,105,53,2458,1.12042860470533,0.780936968591869,1
MA1656.2,ZNF449,16,166,6,61,10,105,224,2458,1.06380952380952,0.781207543343657,1
MA1135.2,FOSB::JUNB,40,166,11,61,29,105,623,2458,0.935055670208158,0.782161146896243,1
MA0895.1,HMBOX1,45,166,13,61,32,105,639,2458,1.05866604586195,0.784085145513992,1
MA1141.1,FOS::JUND,17,166,3,61,14,105,236,2458,1.0742236378114,0.785541058985909,1
MA0756.1,ONECUT2,4,166,2,61,2,105,55,2458,1.07878787878788,0.786546099447322,1
MA1602.2,ZSCAN29,4,166,0,61,4,105,55,2458,1.07878787878788,0.786546099447322,1
MA0793.1,POU6F2,47,166,19,61,28,105,671,2458,1.05184786284111,0.787480217655163,1
MA1113.2,PBX2,18,166,7,61,11,105,249,2458,1.07896450667535,0.790371950968282,1
MA0499.3,MYOD1,49,166,15,61,34,105,704,2458,1.0434391996892,0.790974127227624,1
MA0592.4,ESRRA,47,166,16,61,31,105,723,2458,0.94778990434348,0.79234395238771,1
MA0876.1,BSX,148,166,47,61,101,105,2204,2458,0.947570074611817,0.792985502772533,1
MA0755.2,CUX2,18,166,5,61,13,105,254,2458,1.05533092147265,0.792985502772533,1
MA0914.2,ISL2,148,166,51,61,97,105,2203,2458,0.951732486003934,0.79366718415643,1
MA2496.1,ZNF596,16,166,7,61,9,105,259,2458,0.905637065637066,0.794385457544193,1
MA0089.3,MAFG::NRF1,3,166,2,61,1,105,59,2458,0.748362275137777,0.795726137561106,1
MA1101.1,BACH2,3,166,3,61,0,105,61,2458,0.72322236749472,0.795834269052666,1
MA1955.1,FOXO1::ELK3,3,166,1,61,2,105,61,2458,0.72322236749472,0.795834269052666,1
MA0137.1,STAT1,3,166,2,61,1,105,61,2458,0.72322236749472,0.795834269052666,1
MA2534.1,ZNF831,3,166,1,61,2,105,63,2458,0.699678644463921,0.796799123390678,1
MA0484.3,HNF4G,19,166,5,61,14,105,267,2458,1.06063848760478,0.796958026607226,1
MA1108.1,MXI1,19,166,8,61,11,105,268,2458,1.05619859884252,0.797502997775204,1
MA0625.1,NFATC3,110,166,28,61,82,105,1657,2458,0.949543064057246,0.797620646116631,1
MA1710.1,ZNF257,110,166,39,61,71,105,1657,2458,0.949543064057246,0.797620646116631,1
MA1513.1,KLF15,53,166,17,61,36,105,816,2458,0.94380097171612,0.798393471079502,1
MA0663.1,MLX,3,166,0,61,3,105,65,2458,0.677583765927324,0.798558089153761,1
MA0060.4,NFYA,57,166,17,61,40,105,819,2458,1.04651006485869,0.798924151736277,1
MA1644.2,NFYC,57,166,17,61,40,105,820,2458,1.04459610651152,0.799090845939823,1
MA2509.1,ZBTB5,57,166,21,61,36,105,821,2458,1.04268681066947,0.799280047007277,1
MA0852.2,FOXK1,17,166,3,61,14,105,277,2458,0.89833547355414,0.799288355142076,1
MA0811.1,TFAP2B,20,166,9,61,11,105,280,2458,1.06555772994129,0.800808136643444,1
MA2579.1,ZBTB8B,109,166,34,61,75,105,1584,2458,1.05513468013468,0.801688906884299,1
MA2327.1,PGR,103,166,35,61,68,105,1552,2458,0.954405989199804,0.803322700105165,1
MA0878.2,CDX1,21,166,6,61,15,105,294,2458,1.06600985221675,0.804852131931494,1
MA0003.5,TFAP2A,62,166,27,61,35,105,947,2458,0.951202176914954,0.804953151668437,1
MA0808.1,TEAD3,100,166,37,61,63,105,1508,2458,0.954505264850092,0.805095527744573,1
MA2596.1,ZXDA,68,166,30,61,38,105,984,2458,1.03940600630496,0.806729598686099,1
MA1652.2,ZKSCAN5,65,166,23,61,42,105,988,2458,0.957529963522668,0.80676562001983,1
MA1128.1,FOSL1::JUN,21,166,5,61,16,105,300,2458,1.04179310344828,0.807670318580752,1
MA1585.1,ZKSCAN1,19,166,6,61,13,105,304,2458,0.915816326530612,0.807723948405612,1
MA1649.1,ZBTB12,94,166,31,61,63,105,1418,2458,0.957530167685316,0.807945684914495,1
MA1142.2,FOSL1::JUND,92,166,37,61,55,105,1392,2458,0.952081391736564,0.808341554488798,1
MA1103.2,FOXK2,77,166,22,61,55,105,1171,2458,0.950872681564782,0.809748224191739,1
MA1111.2,NR2F2,83,166,27,61,56,105,1260,2458,0.950793650793651,0.809909171884864,1
MA1114.1,PBX3,5,166,2,61,3,105,70,2458,1.05944986690328,0.809997916632941,1
MA2580.1,ZNF20,5,166,2,61,3,105,70,2458,1.05944986690328,0.809997916632941,1
MA0831.2,TFE3,82,166,33,61,49,105,1243,2458,0.954200666590047,0.810022022161989,1
MA0018.3,CREB1,5,166,0,61,5,105,71,2458,1.04409063074097,0.812188560068301,1
MA0847.1,FOXD2,143,166,47,61,96,105,2130,2458,0.957419881608492,0.814276057177711,1
MA2341.1,FEZF2,145,166,51,61,94,105,2122,2458,1.0933081998115,0.815085551172162,1
MA1503.2,HOXB9,21,166,10,61,11,105,337,2458,0.911511306661209,0.815175947971214,1
MA0526.2,USF2,4,166,1,61,3,105,79,2458,0.743553680262541,0.817438851316447,1
MA0798.2,RFX3,6,166,2,61,4,105,82,2458,1.08658536585366,0.822475374380255,1
MA2517.1,ZSCAN25,6,166,3,61,3,105,83,2458,1.0730421686747,0.823849576853437,1
MA0908.2,HOXD11,24,166,12,61,12,105,378,2458,0.930024591996423,0.824220342033225,1
MA1638.1,HAND2,139,166,55,61,84,105,2075,2458,0.950236501561803,0.825121329972,1
MA1979.2,ZNF416,27,166,12,61,15,105,385,2458,1.04589367467065,0.825679383147964,1
MA1953.2,FOXO1::ELF1,6,166,1,61,5,105,85,2458,1.04691176470588,0.826921112827352,1
MA0738.1,HIC2,138,166,54,61,84,105,2062,2458,0.946515172509353,0.827384886483436,1
MA1108.3,MXI1,138,166,52,61,86,105,2058,2458,0.957934194085798,0.828349119351688,1
MA0502.1,NFYB,5,166,1,61,4,105,90,2458,0.817115251897861,0.83098235334898,1
MA0757.2,ONECUT3,5,166,3,61,2,105,91,2458,0.807794689782267,0.831120472422295,1
MA0493.2,KLF1,139,166,49,61,90,105,2035,2458,1.07010647010647,0.831777457969949,1
MA1954.2,FOXO1::ELK1,7,166,4,61,3,105,94,2458,1.10718586912886,0.833553495371501,1
MA1500.2,HOXB6,136,166,44,61,92,105,2026,2458,0.966633761105627,0.833855007912399,1
MA2593.1,ZNF362,138,166,41,61,97,105,2022,2458,1.06273844849513,0.834063390452538,1
MA0620.4,MITF,7,166,4,61,3,105,96,2458,1.08320230607966,0.835278461199394,1
MA0681.3,PHOX2B,6,166,3,61,3,105,108,2458,0.815972222222222,0.843405136915389,1
MA1123.2,TWIST1,33,166,16,61,17,105,509,2458,0.950071642761127,0.843574453629838,1
MA0748.1,YY2,8,166,1,61,7,105,109,2458,1.09116246661247,0.844912120704652,1
MA0889.2,GBX1,129,166,40,61,89,105,1927,2458,0.960728761974221,0.845667456479113,1
MA1105.3,GRHL2,37,166,10,61,27,105,532,2458,1.03838083581046,0.845844836833342,1
MA0910.3,HOXD8,131,166,42,61,89,105,1920,2458,1.04877976190476,0.846746570668698,1
MA0775.1,MEIS3,130,166,47,61,83,105,1905,2458,1.0482648002333,0.848177544481851,1
MA0594.3,HOXA9,127,166,45,61,82,105,1854,2458,1.06088014825879,0.852085033106232,1
MA0059.2,MAX::MYC,7,166,4,61,3,105,119,2458,0.865334813170551,0.852172769433396,1
MA0528.3,ZNF263,126,166,46,61,80,105,1840,2458,1.05798913043478,0.85323072311964,1
MA0070.1,PBX1,7,166,4,61,3,105,125,2458,0.821685534591195,0.853610339831722,1
MA2558.1,MSANTD4,45,166,17,61,28,105,650,2458,1.03445645263827,0.855952338574462,1
MA1717.1,ZNF784,9,166,4,61,5,105,127,2458,1.05215908520989,0.856058617049384,1
MA0599.1,KLF5,123,166,41,61,82,105,1800,2458,1.04565891472868,0.856474812408113,1
MA1642.2,NEUROG2,119,166,48,61,71,105,1742,2458,1.04067225248553,0.860211981197107,1
MA0597.3,THAP1,116,166,52,61,64,105,1737,2458,0.962993667242372,0.860291322679353,1
MA0826.1,OLIG1,8,166,2,61,6,105,139,2458,0.844731809489118,0.86094073066123,1
MA1118.1,SIX1,8,166,3,61,5,105,140,2458,0.838336347197107,0.861321595454701,1
MA0814.3,TFAP2C,51,166,18,61,33,105,739,2458,1.0315820438901,0.861436345802492,1
MA0103.4,ZEB1,156,166,57,61,99,105,2319,2458,0.935058214747736,0.861765267133217,1
MA1505.1,HOXC8,114,166,34,61,80,105,1706,2458,0.966363062494364,0.862001543140964,1
MA0144.2,STAT3,53,166,22,61,31,105,769,2458,1.03015063811179,0.862990964070793,1
MA1717.2,ZNF784,54,166,18,61,36,105,780,2458,1.03722527472527,0.863310391051518,1
MA0500.3,MYOG,112,166,42,61,70,105,1635,2458,1.04401404462567,0.865092414805204,1
MA1142.1,FOSL1::JUND,57,166,20,61,37,105,830,2458,1.02571018017022,0.865842868120289,1
MA0093.1,USF1,60,166,17,61,43,105,869,2458,1.03502182078729,0.866903617360955,1
MA1708.2,ETV7,63,166,20,61,43,105,952,2458,0.9675899486008,0.869518686057368,1
MA0079.2,SP1,100,166,32,61,68,105,1496,2458,0.9743153459731,0.869891823694564,1
MA0846.1,FOXC2,69,166,23,61,46,105,1004,2458,1.03016798784244,0.870630906380839,1
MA1731.2,ZNF768,72,166,30,61,42,105,1051,2458,1.02540640119845,0.871682427433224,1
MA1655.2,ZNF341,75,166,29,61,46,105,1133,2458,0.963841983259459,0.872252941979045,1
MA0161.2,NFIC,77,166,29,61,48,105,1121,2458,1.03187362808087,0.872253351965299,1
MA0161.3,NFIC,77,166,29,61,48,105,1122,2458,1.03018285966072,0.87232046491159,1
MA0846.2,FOXC2,78,166,28,61,50,105,1138,2458,1.02811950790861,0.872545614122849,1
MA0471.3,E2F6,87,166,28,61,59,105,1266,2458,1.03689483472314,0.872588417139106,1
MA0698.1,ZBTB18,12,166,6,61,6,105,168,2458,1.06215213358071,0.873466847522408,1
MA0760.1,ERF,12,166,6,61,6,105,169,2458,1.05540613232921,0.873823471960531,1
MA0887.2,EVX1,154,166,52,61,102,105,2286,2458,0.965587634878974,0.8751726594453,1
MA0888.2,EVX2,154,166,52,61,102,105,2286,2458,0.965587634878974,0.8751726594453,1
MA0715.1,PROP1,12,166,5,61,7,105,174,2458,1.02283922973578,0.87629485264245,1
MA0818.2,BHLHE22,12,166,6,61,6,105,175,2458,1.01654916512059,0.876919594080858,1
MA0884.1,DUXA,12,166,4,61,8,105,194,2458,0.909358682554559,0.881703711529883,1
MA1116.1,RBPJ,152,166,56,61,96,105,2259,2458,0.956428255233036,0.88297207319345,1
MA1505.2,HOXC8,152,166,51,61,101,105,2236,2458,1.07794531050345,0.889042992474785,1
MA0497.1,MEF2C,14,166,6,61,8,105,228,2458,0.900854108956602,0.889514711323907,1
MA0524.1,TFAP2C,16,166,12,61,4,105,256,2458,0.9175,0.89519773380002,1
MA0875.1,BARX1,147,166,47,61,100,105,2182,2458,0.978628973901298,0.899146902910278,1
MA1498.2,HOXA7,148,166,50,61,98,105,2175,2458,1.06983397190294,0.899970911127661,1
MA1542.1,OSR1,20,166,9,61,11,105,292,2458,1.01613811221618,0.901740326837072,1
MA2592.1,MKX,145,166,49,61,96,105,2156,2458,0.967179079423978,0.902747162321117,1
MA0907.2,HOXC13,20,166,7,61,13,105,313,2458,0.938771937502735,0.904169393048501,1
MA1487.3,FOXE1,21,166,2,61,19,105,324,2458,0.95389527458493,0.906069908577053,1
MA0831.1,TFE3,21,166,8,61,13,105,324,2458,0.95389527458493,0.906069908577053,1
MA0091.2,TAL1::TCF3,21,166,8,61,13,105,330,2458,0.933918495297806,0.906145544693662,1
MA0630.1,SHOX,138,166,43,61,95,105,2054,2458,0.969397690916678,0.91383490919392,1
MA0099.3,FOS::JUN,29,166,11,61,18,105,421,2458,1.02420375539643,0.915288594861936,1
MA0516.1,SP2,29,166,6,61,23,105,423,2458,1.01836033890701,0.915555073996475,1
MA1515.2,KLF2,137,166,50,61,87,105,2033,2458,0.987584171514833,0.91588028975908,1
MA1135.1,FOSB::JUNB,29,166,9,61,20,105,449,2458,0.947133126331019,0.917217755731248,1
MA0711.1,OTX1,135,166,47,61,88,105,1979,2458,1.05405141078094,0.919252822148947,1
MA0481.4,FOXP1,132,166,43,61,89,105,1964,2458,0.976518509644183,0.920333904056671,1
MA1502.2,HOXB8,130,166,42,61,88,105,1909,2458,1.03850183342064,0.923314838006505,1
MA1640.2,MEIS2,38,166,14,61,24,105,555,2458,1.01793355855856,0.923712654396222,1
MA1109.1,NEUROD1,39,166,16,61,23,105,568,2458,1.02181989575247,0.924269680661944,1
MA1634.1,BATF,40,166,16,61,24,105,584,2458,1.01869971732985,0.925035945700625,1
MA0524.3,TFAP2C,39,166,16,61,23,105,593,2458,0.965795169364369,0.92536136210754,1
MA2506.1,MYT1,124,166,40,61,84,105,1846,2458,0.978795852035289,0.926172422641958,1
MA1710.2,ZNF257,124,166,45,61,79,105,1843,2458,0.985194946128207,0.926404626581358,1
MA2677.1,HOXD1,43,166,10,61,33,105,626,2458,1.02309150887036,0.926710577951379,1
MA1151.2,RORC,46,166,14,61,32,105,673,2458,1.0167161961367,0.928466168535152,1
MA1524.1,MSGN1,47,166,14,61,33,105,689,2458,1.01405032259638,0.929038742304298,1
MA0708.1,MSX2,118,166,33,61,85,105,1731,2458,1.03247159637974,0.929996388910489,1
MA0740.2,KLF14,113,166,39,61,74,105,1657,2458,1.03065326060965,0.931834808955637,1
MA0465.3,CDX2,53,166,16,61,37,105,796,2458,0.979299150620358,0.931911411272889,1
MA0595.1,SREBF1,58,166,21,61,37,105,850,2458,1.0159477124183,0.932935629860514,1
MA0124.1,NKX3-1,106,166,31,61,75,105,1576,2458,0.988705583756345,0.933610480246529,1
MA0901.3,HOXB13,61,166,23,61,38,105,917,2458,0.97627875577712,0.933985698595717,1
MA0160.3,NR4A2,62,166,19,61,43,105,934,2458,0.972739252182507,0.934180581173994,1
MA0895.2,HMBOX1,102,166,27,61,75,105,1524,2458,0.976747047244094,0.934198754679815,1
MA1522.2,MAZ,104,166,40,61,64,105,1529,2458,1.01917761978101,0.934260958682907,1
MA1963.2,SATB1,65,166,20,61,45,105,950,2458,1.021573736321,0.934418791763715,1
MA2332.1,ZNF175,65,166,22,61,43,105,977,2458,0.975556614003263,0.934738660206387,1
MA0039.3,KLF4,65,166,31,61,34,105,975,2458,0.978877887788779,0.934769154084812,1
MA1641.2,MYF5,65,166,26,61,39,105,975,2458,0.978877887788779,0.934769154084812,1
MA0766.2,GATA5,100,166,34,61,66,105,1467,2458,1.02352771064428,0.934909451050159,1
MA0685.2,SP4,98,166,30,61,68,105,1459,2458,0.986795952102568,0.935118203420283,1
MA2566.1,ZNF395,95,166,30,61,65,105,1420,2458,0.978079746082127,0.9353393207049,1
MA0476.2,FOS,72,166,30,61,42,105,1054,2458,1.02030764261779,0.935484140050235,1
MA1593.2,ZNF317,72,166,26,61,46,105,1054,2458,1.02030764261779,0.935484140050235,1
MA0056.3,MZF1,73,166,30,61,43,105,1093,2458,0.980285098722073,0.935779784415974,1
MA0661.1,MEOX1,74,166,24,61,50,105,1107,2458,0.981638584501787,0.935881524806304,1
MA0018.2,CREB1,89,166,31,61,58,105,1303,2458,1.02455871066769,0.935998981730194,1
MA0479.2,FOXH1,80,166,26,61,54,105,1171,2458,1.02238198319862,0.936054586290016,1
MA1567.1,TBX6,78,166,30,61,48,105,1167,2458,0.980544519747605,0.936084140556204,1
MA2504.1,BCL11A,81,166,23,61,58,105,1212,2458,0.979673849737915,0.93614062640581,1
MA0635.1,BARHL2,81,166,24,61,57,105,1210,2458,0.982868254739912,0.936195621951641,1
MA1101.3,BACH2,5,166,1,61,4,105,76,2458,0.973357306309251,1,1
MA0818.1,BHLHE22,14,166,7,61,7,105,208,2458,0.996330971659919,1,1
MA0839.1,CREB3L1,0,166,0,61,0,105,3,2458,0,1,1
MA1475.1,CREB3L4,3,166,0,61,3,105,52,2458,0.85158093440302,1,1
MA0884.2,DUXA,7,166,2,61,5,105,114,2458,0.905219022398764,1,1
MA1933.2,ELK1::SREBF2,0,166,0,61,0,105,3,2458,0,1,1
MA0112.1,ESR1,0,166,0,61,0,105,3,2458,0,1,1
MA1941.2,ETV2::FIGLA,1,166,1,61,0,105,19,2458,0.77799043062201,1,1
MA1145.1,FOSL2::JUND,2,166,0,61,2,105,32,2458,0.924542682926829,1,1
MA0148.4,FOXA1,32,166,9,61,23,105,481,2458,0.98153722034319,1,1
MA1487.2,FOXE1,13,166,1,61,12,105,198,2458,0.969829009044695,1,1
MA0848.1,FOXO4,140,166,48,61,92,105,2062,2458,1.03409684399015,1,1
MA1494.2,HNF4A,0,166,0,61,0,105,6,2458,0,1,1
MA0657.1,KLF13,0,166,0,61,0,105,3,2458,0,1,1
MA0657.2,KLF13,0,166,0,61,0,105,3,2458,0,1,1
MA1514.1,KLF17,1,166,0,61,1,105,19,2458,0.77799043062201,1,1
MA1515.1,KLF2,111,166,40,61,71,105,1649,2458,0.990120734329346,1,1
MA1107.2,KLF9,3,166,1,61,2,105,47,2458,0.944132619762433,1,1
MA0700.3,LHX2,121,166,34,61,87,105,1788,2458,1.00758140691027,1,1
MA0495.1,MAFF,0,166,0,61,0,105,6,2458,0,1,1
MA2598.1,MSANTD1,5,166,1,61,4,105,80,2458,0.923136645962733,1,1
MA0623.2,NEUROG1,15,166,8,61,7,105,221,2458,1.00551376944053,1,1
MA0841.2,NFE2,5,166,1,61,4,105,85,2458,0.867007672634271,1,1
MA0105.4,NFKB1,0,166,0,61,0,105,6,2458,0,1,1
MA1533.1,NR1I2,0,166,0,61,0,105,3,2458,0,1,1
MA1539.1,NR2F6,0,166,0,61,0,105,3,2458,0,1,1
MA1147.1,NR4A2::RXRA,0,166,0,61,0,105,6,2458,0,1,1
MA0784.1,POU1F1,2,166,1,61,1,105,42,2458,0.70150987224158,1,1
MA0683.1,POU4F2,0,166,0,61,0,105,6,2458,0,1,1
MA0791.1,POU4F3,1,166,0,61,1,105,16,2458,0.925,1,1
MA1553.1,RARG,0,166,0,61,0,105,6,2458,0,1,1
MA1553.2,RARG,0,166,0,61,0,105,6,2458,0,1,1
MA0138.3,REST,0,166,0,61,0,105,3,2458,0,1,1
MA0509.3,RFX1,0,166,0,61,0,105,6,2458,0,1,1
MA0798.3,RFX3,0,166,0,61,0,105,6,2458,0,1,1
MA0074.1,RXRA::VDR,0,166,0,61,0,105,3,2458,0,1,1
MA0856.1,RXRG,0,166,0,61,0,105,6,2458,0,1,1
MA2684.1,SOX30,109,166,41,61,68,105,1606,2458,1.01448515435538,1,1
MA0081.2,SPIB,3,166,0,61,3,105,47,2458,0.944132619762433,1,1
MA0083.3,SRF,0,166,0,61,0,105,3,2458,0,1,1
MA1568.1,TCF21,5,166,2,61,3,105,82,2458,0.899863657021663,1,1
MA1569.1,TFAP2E,64,166,20,61,44,105,956,2458,0.985806875051276,1,1
MA0796.1,TGIF1,0,166,0,61,0,105,6,2458,0,1,1
MA1969.1,THRA,0,166,0,61,0,105,3,2458,0,1,1
MA2601.1,USF3,9,166,4,61,5,105,142,2458,0.934960078945008,1,1
MA2489.1,ZFP28,0,166,0,61,0,105,3,2458,0,1,1
MA0696.1,ZIC1,0,166,0,61,0,105,3,2458,0,1,1
MA0697.1,ZIC3,0,166,0,61,0,105,3,2458,0,1,1
MA1973.2,ZKSCAN3,0,166,0,61,0,105,3,2458,0,1,1
MA1726.1,ZNF331,5,166,4,61,1,105,80,2458,0.923136645962733,1,1
MA0752.2,ZNF410,0,166,0,61,0,105,3,2458,0,1,1
MA2555.1,ZNF493,1,166,1,61,0,105,19,2458,0.77799043062201,1,1
MA2334.1,ZNF547,0,166,0,61,0,105,6,2458,0,1,1
MA1983.1,ZNF582,0,166,0,61,0,105,3,2458,0,1,1
MA1983.2,ZNF582,0,166,0,61,0,105,6,2458,0,1,1
MA2569.1,ZNF676,0,166,0,61,0,105,3,2458,0,1,1
MA2526.1,ZNF721,1,166,0,61,1,105,16,2458,0.925,1,1
MA1719.2,ZNF816,1,166,1,61,0,105,19,2458,0.77799043062201,1,1
MA1631.1,ASCL1,61,166,24,61,37,105,911,2458,0.986534943285767,1,1
MA1466.1,ATF6,0,166,0,61,0,105,4,2458,0,1,1
MA1466.2,ATF6,0,166,0,61,0,105,4,2458,0,1,1
MA1101.2,BACH2,0,166,0,61,0,105,2,2458,0,1,1
MA1470.1,BACH2,0,166,0,61,0,105,0,2458,,1,1
MA1470.2,BACH2,0,166,0,61,0,105,0,2458,,1,1
MA1471.1,BARX2,46,166,15,61,31,105,692,2458,0.978275529865125,1,1
MA0462.1,BATF::JUN,24,166,11,61,13,105,361,2458,0.981779875931489,1,1
MA0463.2,BCL6,0,166,0,61,0,105,8,2458,0,1,1
MA0731.1,BCL6B,0,166,0,61,0,105,0,2458,,1,1
MA0607.2,BHLHA15,6,166,2,61,4,105,98,2458,0.903061224489796,1,1
MA0817.2,BHLHE23,10,166,4,61,6,105,147,2458,1.00776207919065,1,1
MA0466.2,CEBPB,7,166,3,61,4,105,103,2458,1.00659461439824,1,1
MA0018.1,CREB1,11,166,2,61,9,105,166,2458,0.979867858530898,1,1
MA0018.4,CREB1,26,166,11,61,15,105,388,2458,0.99079528718704,1,1
MA0638.1,CREB3,0,166,0,61,0,105,10,2458,0,1,1
MA0839.2,CREB3L1,0,166,0,61,0,105,4,2458,0,1,1
MA2541.1,CREB3L3,1,166,1,61,0,105,21,2458,0.703318903318903,1,1
MA0609.3,CREM,4,166,0,61,4,105,72,2458,0.818244170096022,1,1
MA1929.1,CTCF,0,166,0,61,0,105,0,2458,,1,1
MA1930.1,CTCF,0,166,0,61,0,105,0,2458,,1,1
MA1929.2,CTCF,0,166,0,61,0,105,1,2458,0,1,1
MA1930.2,CTCF,0,166,0,61,0,105,0,2458,,1,1
MA0755.1,CUX2,18,166,4,61,14,105,275,2458,0.965454545454545,1,1
MA1479.1,DMRTC2,7,166,3,61,4,105,108,2458,0.957954810156068,1,1
MA0864.1,E2F2,0,166,0,61,0,105,0,2458,,1,1
MA0864.2,E2F2,0,166,0,61,0,105,2,2458,0,1,1
MA0469.2,E2F3,0,166,0,61,0,105,0,2458,,1,1
MA0469.3,E2F3,0,166,0,61,0,105,0,2458,,1,1
MA0469.4,E2F3,0,166,0,61,0,105,0,2458,,1,1
MA0470.1,E2F4,48,166,14,61,34,105,710,2458,1.00148006684173,1,1
MA0758.1,E2F7,0,166,0,61,0,105,0,2458,,1,1
MA0865.1,E2F8,0,166,0,61,0,105,9,2458,0,1,1
MA0865.2,E2F8,2,166,0,61,2,105,36,2458,0.820460704607046,1,1
MA0162.3,EGR1,0,166,0,61,0,105,2,2458,0,1,1
MA0732.1,EGR3,0,166,0,61,0,105,9,2458,0,1,1
MA0732.2,EGR3,1,166,0,61,1,105,24,2458,0.614646464646465,1,1
MA0598.2,EHF,1,166,0,61,1,105,21,2458,0.703318903318903,1,1
MA0028.3,ELK1,11,166,3,61,8,105,169,2458,0.961213972132086,1,1
MA1931.1,ELK1::HOXA1,0,166,0,61,0,105,1,2458,0,1,1
MA1932.1,ELK1::HOXB13,0,166,0,61,0,105,1,2458,0,1,1
MA1932.2,ELK1::HOXB13,0,166,0,61,0,105,2,2458,0,1,1
MA1933.1,ELK1::SREBF2,0,166,0,61,0,105,2,2458,0,1,1
MA0612.2,EMX1,93,166,27,61,66,105,1374,2458,1.00508464437399,1,1
MA1934.1,ERF::FIGLA,0,166,0,61,0,105,14,2458,0,1,1
MA1936.1,ERF::FOXO1,6,166,2,61,4,105,98,2458,0.903061224489796,1,1
MA1936.2,ERF::FOXO1,15,166,6,61,9,105,235,2458,0.939692827955474,1,1
MA1938.1,ERF::NHLH1,0,166,0,61,0,105,0,2458,,1,1
MA1938.2,ERF::NHLH1,0,166,0,61,0,105,0,2458,,1,1
MA1939.1,ERF::SREBF2,0,166,0,61,0,105,0,2458,,1,1
MA1939.2,ERF::SREBF2,0,166,0,61,0,105,0,2458,,1,1
MA0112.2,ESR1,0,166,0,61,0,105,0,2458,,1,1
MA0141.3,ESRRB,11,166,5,61,6,105,166,2458,0.979867858530898,1,1
MA0098.1,ETS1,166,166,61,61,105,105,2447,2458,Inf,1,1
MA0761.1,ETV1,13,166,8,61,5,105,202,2458,0.948941953018831,1,1
MA1940.1,ETV2::DRGX,0,166,0,61,0,105,13,2458,0,1,1
MA1941.1,ETV2::FIGLA,0,166,0,61,0,105,4,2458,0,1,1
MA1942.1,ETV2::FOXI1,2,166,1,61,1,105,38,2458,0.776636713735558,1,1
MA1944.2,ETV5::DRGX,3,166,2,61,1,105,49,2458,0.904845373732315,1,1
MA1945.1,ETV5::FIGLA,0,166,0,61,0,105,10,2458,0,1,1
MA1948.1,ETV5::HOXA2,0,166,0,61,0,105,12,2458,0,1,1
MA1948.2,ETV5::HOXA2,2,166,1,61,1,105,30,2458,0.986991869918699,1,1
MA0156.1,FEV,120,166,40,61,80,105,1772,2458,1.00991265089803,1,1
MA0475.1,FLI1,34,166,7,61,27,105,504,2458,0.998617123617124,1,1
MA1949.1,FLI1::DRGX,0,166,0,61,0,105,1,2458,0,1,1
MA1949.2,FLI1::DRGX,0,166,0,61,0,105,1,2458,0,1,1
MA1950.1,FLI1::FOXI1,7,166,2,61,5,105,103,2458,1.00659461439824,1,1
MA2513.1,FLYWCH1,0,166,0,61,0,105,1,2458,0,1,1
MA1137.1,FOSL1::JUNB,24,166,6,61,18,105,362,2458,0.978600887090499,1,1
MA1139.2,FOSL2::JUNB,3,166,0,61,3,105,48,2458,0.924079754601227,1,1
MA0031.1,FOXD1,69,166,15,61,54,105,1030,2458,0.986207586828145,1,1
MA0031.2,FOXD1,69,166,15,61,54,105,1030,2458,0.986207586828145,1,1
MA0479.1,FOXH1,38,166,8,61,30,105,568,2458,0.98784110915493,1,1
MA0042.2,FOXI1,69,166,15,61,54,105,1030,2458,0.986207586828145,1,1
MA1103.1,FOXK2,82,166,23,61,59,105,1215,2458,0.998687046835195,1,1
MA1955.2,FOXO1::ELK3,4,166,1,61,3,105,68,2458,0.867828612926652,1,1
MA0481.3,FOXP1,83,166,24,61,59,105,1231,2458,0.996750609260764,1,1
MA2117.1,FOXP4,69,166,15,61,54,105,1030,2458,0.986207586828145,1,1
MA0482.3,GATA4,52,166,19,61,33,105,778,2458,0.98498173454201,1,1
MA1104.2,GATA6,22,166,9,61,13,105,324,2458,1.0062585733882,1,1
MA0767.1,GCM2,8,166,1,61,7,105,119,2458,0.995213275183491,1,1
MA0734.1,GLI2,0,166,0,61,0,105,13,2458,0,1,1
MA0734.2,GLI2,0,166,0,61,0,105,4,2458,0,1,1
MA1491.1,GLI3,0,166,0,61,0,105,7,2458,0,1,1
MA1491.2,GLI3,0,166,0,61,0,105,1,2458,0,1,1
MA1491.3,GLI3,0,166,0,61,0,105,1,2458,0,1,1
MA0735.1,GLIS1,0,166,0,61,0,105,0,2458,,1,1
MA0735.2,GLIS1,0,166,0,61,0,105,0,2458,,1,1
MA0736.1,GLIS2,0,166,0,61,0,105,4,2458,0,1,1
MA0737.1,GLIS3,0,166,0,61,0,105,1,2458,0,1,1
MA2629.1,GSC::TBX21,0,166,0,61,0,105,1,2458,0,1,1
MA0821.2,HES5,17,166,6,61,11,105,261,2458,0.960400113142534,1,1
MA0153.2,HNF1B,1,166,1,61,0,105,26,2458,0.566899766899767,1,1
MA1494.1,HNF4A,0,166,0,61,0,105,4,2458,0,1,1
MA0484.2,HNF4G,8,166,2,61,6,105,132,2458,0.892213271960108,1,1
MA0650.2,HOXA13,14,166,3,61,11,105,209,2458,0.991123142785193,1,1
MA0900.1,HOXA2,102,166,34,61,68,105,1516,2458,0.990311675461741,1,1
MA0158.1,HOXA5,153,166,52,61,101,105,2262,2458,1.01979187920832,1,1
MA2093.1,HOXB1,121,166,38,61,83,105,1794,2458,0.995218630001239,1,1
MA1957.1,HOXB2::ELK1,0,166,0,61,0,105,2,2458,0,1,1
MA0651.2,HOXC11,0,166,0,61,0,105,10,2458,0,1,1
MA0651.3,HOXC11,1,166,0,61,1,105,14,2458,1.05800865800866,1,1
MA1958.1,HOXD12::ELK1,0,166,0,61,0,105,2,2458,0,1,1
MA1958.2,HOXD12::ELK1,0,166,0,61,0,105,2,2458,0,1,1
MA0909.2,HOXD13,13,166,7,61,6,105,199,2458,0.96452852497783,1,1
MA0771.1,HSF4,6,166,2,61,4,105,103,2458,0.857402912621359,1,1
MA1508.1,IKZF1,41,166,18,61,23,105,613,2458,0.98721044045677,1,1
MA0050.2,IRF1,0,166,0,61,0,105,8,2458,0,1,1
MA0051.1,IRF2,0,166,0,61,0,105,2,2458,0,1,1
MA1418.1,IRF3,0,166,0,61,0,105,1,2458,0,1,1
MA1418.2,IRF3,0,166,0,61,0,105,1,2458,0,1,1
MA1419.1,IRF4,0,166,0,61,0,105,0,2458,,1,1
MA1419.2,IRF4,0,166,0,61,0,105,0,2458,,1,1
MA1420.1,IRF5,0,166,0,61,0,105,2,2458,0,1,1
MA0652.1,IRF8,0,166,0,61,0,105,1,2458,0,1,1
MA0652.2,IRF8,0,166,0,61,0,105,0,2458,,1,1
MA0653.1,IRF9,0,166,0,61,0,105,0,2458,,1,1
MA2680.1,IRX5,163,166,60,61,103,105,2408,2458,1.1281838316722,1,1
MA1140.1,JUNB,4,166,0,61,4,105,66,2458,0.89487467265245,1,1
MA0493.3,KLF1,143,166,49,61,94,105,2116,2458,1.00489027697871,1,1
MA1514.2,KLF17,1,166,1,61,0,105,28,2458,0.525974025974026,1,1
MA0768.1,LEF1,1,166,1,61,0,105,22,2458,0.671074380165289,1,1
MA1520.1,MAF,0,166,0,61,0,105,10,2458,0,1,1
MA1520.2,MAF,0,166,0,61,0,105,13,2458,0,1,1
MA1521.1,MAFA,0,166,0,61,0,105,13,2458,0,1,1
MA0495.2,MAFF,0,166,0,61,0,105,0,2458,,1,1
MA0659.1,MAFG,0,166,0,61,0,105,0,2458,,1,1
MA0496.2,MAFK,0,166,0,61,0,105,0,2458,,1,1
MA0496.4,MAFK,13,166,8,61,5,105,203,2458,0.943848803889372,1,1
MA0058.2,MAX,50,166,20,61,30,105,738,2458,1.00457901130735,1,1
MA0498.3,MEIS1,163,166,60,61,103,105,2406,2458,1.17428650595733,1,1
MA0706.1,MEOX2,91,166,31,61,60,105,1343,2458,1.00734673616282,1,1
MA0825.1,MNT,53,166,14,61,39,105,787,2458,0.995861960396262,1,1
MA0666.1,MSX1,128,166,36,61,92,105,1884,2458,1.0262599173092,1,1
MA0863.1,MTF1,0,166,0,61,0,105,0,2458,,1,1
MA1108.2,MXI1,138,166,52,61,86,105,2045,2458,0.995354523227384,1,1
MA0777.1,MYBL2,0,166,0,61,0,105,0,2458,,1,1
MA0147.3,MYC,19,166,8,61,11,105,291,2458,0.962503214344157,1,1
MA0104.4,MYCN,8,166,4,61,4,105,128,2458,0.921677215189873,1,1
MA1641.1,MYF5,37,166,13,61,24,105,545,2458,1.00677049996444,1,1
MA2507.1,NACC2,0,166,0,61,0,105,0,2458,,1,1
MA1109.2,NEUROD1,70,166,29,61,41,105,1030,2458,1.01092233009709,1,1
MA0841.1,NFE2,4,166,1,61,3,105,63,2458,0.938663531256124,1,1
MA1643.1,NFIB,0,166,0,61,0,105,0,2458,,1,1
MA1643.2,NFIB,0,166,0,61,0,105,0,2458,,1,1
MA0161.1,NFIC,165,166,60,61,105,105,2434,2458,1.62695152013147,1,1
MA1527.2,NFIC,1,166,0,61,1,105,22,2458,0.671074380165289,1,1
MA0025.2,NFIL3,22,166,4,61,18,105,327,2458,0.995625212368332,1,1
MA0671.2,NFIX,164,166,60,61,104,105,2424,2458,1.15016501650165,1,1
MA1529.1,NHLH2,0,166,0,61,0,105,0,2458,,1,1
MA1529.2,NHLH2,0,166,0,61,0,105,4,2458,0,1,1
MA0115.1,NR1H2::RXRA,0,166,0,61,0,105,1,2458,0,1,1
MA1146.1,NR1H4::RXRA,0,166,0,61,0,105,7,2458,0,1,1
MA1146.2,NR1H4::RXRA,0,166,0,61,0,105,12,2458,0,1,1
MA1533.2,NR1I2,0,166,0,61,0,105,10,2458,0,1,1
MA1535.2,NR2C1,160,166,58,61,102,105,2369,2458,1.00182918249613,1,1
MA0113.1,NR3C1,0,166,0,61,0,105,12,2458,0,1,1
MA1112.2,NR4A1,45,166,11,61,34,105,666,2458,1.00067009157918,1,1
MA1112.3,NR4A1,59,166,16,61,43,105,879,2458,0.990515985667655,1,1
MA1147.2,NR4A2::RXRA,0,166,0,61,0,105,10,2458,0,1,1
MA1541.1,NR6A1,0,166,0,61,0,105,9,2458,0,1,1
MA0678.1,OLIG2,10,166,4,61,6,105,148,2458,1.00051975051975,1,1
MA0679.1,ONECUT1,4,166,2,61,2,105,65,2458,0.909021842355176,1,1
MA0679.3,ONECUT1,39,166,13,61,26,105,576,2458,1.00336286089239,1,1
MA1544.1,OVOL1,0,166,0,61,0,105,9,2458,0,1,1
MA0779.1,PAX1,0,166,0,61,0,105,0,2458,,1,1
MA0779.2,PAX1,0,166,0,61,0,105,0,2458,,1,1
MA0067.2,PAX2,0,166,0,61,0,105,0,2458,,1,1
MA0067.3,PAX2,0,166,0,61,0,105,0,2458,,1,1
MA0780.1,PAX3,9,166,4,61,5,105,139,2458,0.956376300233698,1,1
MA1546.1,PAX3,0,166,0,61,0,105,1,2458,0,1,1
MA1546.2,PAX3,0,166,0,61,0,105,2,2458,0,1,1
MA2094.1,PAX8,0,166,0,61,0,105,0,2458,,1,1
MA0781.1,PAX9,0,166,0,61,0,105,0,2458,,1,1
MA0781.2,PAX9,0,166,0,61,0,105,0,2458,,1,1
MA1113.3,PBX2,36,166,13,61,23,105,531,2458,1.00495436766623,1,1
MA1114.2,PBX3,9,166,3,61,6,105,141,2458,0.941997560645074,1,1
MA0782.1,PKNOX1,0,166,0,61,0,105,8,2458,0,1,1
MA0782.2,PKNOX1,9,166,3,61,6,105,136,2458,0.978737354814537,1,1
MA0783.1,PKNOX2,0,166,0,61,0,105,8,2458,0,1,1
MA2560.1,POGK,0,166,0,61,0,105,0,2458,,1,1
MA0784.2,POU1F1,0,166,0,61,0,105,11,2458,0,1,1
MA1962.1,POU2F1::SOX2,0,166,0,61,0,105,2,2458,0,1,1
MA0683.2,POU4F2,0,166,0,61,0,105,7,2458,0,1,1
MA1148.1,PPARA::RXRA,0,166,0,61,0,105,7,2458,0,1,1
MA1148.2,PPARA::RXRA,0,166,0,61,0,105,8,2458,0,1,1
MA1550.1,PPARD,0,166,0,61,0,105,8,2458,0,1,1
MA0066.1,PPARG,0,166,0,61,0,105,1,2458,0,1,1
MA0066.2,PPARG,0,166,0,61,0,105,0,2458,,1,1
MA0065.1,PPARG::RXRA,0,166,0,61,0,105,1,2458,0,1,1
MA1723.2,PRDM9,3,166,1,61,2,105,45,2458,0.986912065439673,1,1
MA0729.1,RARA,0,166,0,61,0,105,0,2458,,1,1
MA0730.1,RARA,0,166,0,61,0,105,2,2458,0,1,1
MA1149.1,RARA::RXRG,0,166,0,61,0,105,14,2458,0,1,1
MA1552.1,RARB,0,166,0,61,0,105,7,2458,0,1,1
MA1552.2,RARB,0,166,0,61,0,105,8,2458,0,1,1
MA0138.2,REST,0,166,0,61,0,105,1,2458,0,1,1
MA0509.2,RFX1,6,166,2,61,4,105,92,2458,0.964402173913043,1,1
MA0600.2,RFX2,0,166,0,61,0,105,13,2458,0,1,1
MA0600.3,RFX2,1,166,1,61,0,105,22,2458,0.671074380165289,1,1
MA0798.1,RFX3,1,166,1,61,0,105,27,2458,0.545679012345679,1,1
MA0799.2,RFX4,0,166,0,61,0,105,8,2458,0,1,1
MA0799.3,RFX4,0,166,0,61,0,105,9,2458,0,1,1
MA0510.2,RFX5,0,166,0,61,0,105,9,2458,0,1,1
MA0510.3,RFX5,1,166,1,61,0,105,15,2458,0.987070707070707,1,1
MA0073.2,RREB1,1,166,0,61,1,105,20,2458,0.738787878787879,1,1
MA1555.1,RXRB,0,166,0,61,0,105,10,2458,0,1,1
MA1556.1,RXRG,0,166,0,61,0,105,10,2458,0,1,1
MA0743.1,SCRT1,0,166,0,61,0,105,14,2458,0,1,1
MA1119.1,SIX2,0,166,0,61,0,105,10,2458,0,1,1
MA0795.1,SMAD3,1,166,0,61,1,105,24,2458,0.614646464646465,1,1
MA1561.1,SOX12,1,166,0,61,1,105,20,2458,0.738787878787879,1,1
MA1561.2,SOX12,1,166,0,61,1,105,27,2458,0.545679012345679,1,1
MA0866.1,SOX21,0,166,0,61,0,105,2,2458,0,1,1
MA0867.1,SOX4,0,166,0,61,0,105,0,2458,,1,1
MA0868.1,SOX8,0,166,0,61,0,105,0,2458,,1,1
MA0516.2,SP2,0,166,0,61,0,105,8,2458,0,1,1
MA0685.1,SP4,2,166,1,61,1,105,29,2458,1.02144659377628,1,1
MA1965.1,SP5,149,166,58,61,91,105,2194,2458,1.0546409995174,1,1
MA0080.1,SPI1,166,166,61,61,105,105,2444,2458,Inf,1,1
MA0080.4,SPI1,0,166,0,61,0,105,11,2458,0,1,1
MA0828.2,SREBF2,0,166,0,61,0,105,9,2458,0,1,1
MA0828.3,SREBF2,1,166,0,61,1,105,25,2458,0.589818181818182,1,1
MA0517.1,STAT1::STAT2,4,166,1,61,3,105,66,2458,0.89487467265245,1,1
MA0091.1,TAL1::TCF3,14,166,5,61,9,105,212,2458,0.975794438927507,1,1
MA0804.1,TBX19,0,166,0,61,0,105,0,2458,,1,1
MA0804.2,TBX19,0,166,0,61,0,105,2,2458,0,1,1
MA0009.2,TBXT,0,166,0,61,0,105,1,2458,0,1,1
MA0809.1,TEAD4,120,166,43,61,77,105,1776,2458,1.00176263219741,1,1
MA0003.2,TFAP2A,5,166,3,61,2,105,87,2458,0.846362533019205,1,1
MA0003.3,TFAP2A,41,166,9,61,32,105,614,2458,0.985068403908795,1,1
MA0812.2,TFAP2B,57,166,16,61,41,105,853,2458,0.983953020639513,1,1
MA1967.1,TFAP4::FLI1,0,166,0,61,0,105,2,2458,0,1,1
MA1967.2,TFAP4::FLI1,0,166,0,61,0,105,2,2458,0,1,1
MA0692.1,TFEB,19,166,7,61,12,105,284,2458,0.989412666475041,1,1
MA1572.1,TGIF2LY,1,166,0,61,1,105,29,2458,0.507628004179728,1,1
MA1574.1,THRB,2,166,1,61,1,105,38,2458,0.776636713735558,1,1
MA1575.1,THRB,0,166,0,61,0,105,0,2458,,1,1
MA1576.1,THRB,0,166,0,61,0,105,0,2458,,1,1
MA1575.2,THRB,0,166,0,61,0,105,1,2458,0,1,1
MA1576.2,THRB,0,166,0,61,0,105,0,2458,,1,1
MA2561.1,TIGD4,0,166,0,61,0,105,0,2458,,1,1
MA2562.1,TIGD5,0,166,0,61,0,105,0,2458,,1,1
MA2563.1,TIGD7,0,166,0,61,0,105,2,2458,0,1,1
MA0106.1,TP53,0,166,0,61,0,105,0,2458,,1,1
MA0106.2,TP53,0,166,0,61,0,105,12,2458,0,1,1
MA0106.3,TP53,0,166,0,61,0,105,1,2458,0,1,1
MA0525.2,TP63,0,166,0,61,0,105,0,2458,,1,1
MA0861.1,TP73,0,166,0,61,0,105,7,2458,0,1,1
MA0861.2,TP73,0,166,0,61,0,105,9,2458,0,1,1
MA0093.3,USF1,6,166,3,61,3,105,92,2458,0.964402173913043,1,1
MA0526.3,USF2,6,166,3,61,3,105,97,2458,0.912757731958763,1,1
MA0526.4,USF2,2,166,1,61,1,105,34,2458,0.869440459110474,1,1
MA0526.5,USF2,4,166,1,61,3,105,65,2458,0.909021842355176,1,1
MA0844.1,XBP1,0,166,0,61,0,105,10,2458,0,1,1
MA0095.1,YY1,166,166,61,61,105,105,2445,2458,Inf,1,1
MA0749.1,ZBED1,0,166,0,61,0,105,1,2458,0,1,1
MA0749.2,ZBED1,0,166,0,61,0,105,2,2458,0,1,1
MA0694.1,ZBTB7B,1,166,0,61,1,105,27,2458,0.545679012345679,1,1
MA1651.1,ZFP42,0,166,0,61,0,105,13,2458,0,1,1
MA0751.1,ZIC4,0,166,0,61,0,105,7,2458,0,1,1
MA0751.2,ZIC4,0,166,0,61,0,105,13,2458,0,1,1
MA1584.1,ZIC5,0,166,0,61,0,105,2,2458,0,1,1
MA1584.2,ZIC5,0,166,0,61,0,105,2,2458,0,1,1
MA1585.2,ZKSCAN1,31,166,7,61,24,105,459,2458,1.00006455257,1,1
MA1973.1,ZKSCAN3,0,166,0,61,0,105,0,2458,,1,1
MA2544.1,ZKSCAN4,0,166,0,61,0,105,1,2458,0,1,1
MA1587.1,ZNF135,20,166,6,61,14,105,299,2458,0.989141888486736,1,1
MA1589.1,ZNF140,0,166,0,61,0,105,13,2458,0,1,1
MA0088.2,ZNF143,0,166,0,61,0,105,0,2458,,1,1
MA2331.1,ZNF157,0,166,0,61,0,105,0,2458,,1,1
MA1654.1,ZNF16,0,166,0,61,0,105,2,2458,0,1,1
MA1654.2,ZNF16,0,166,0,61,0,105,2,2458,0,1,1
MA1974.1,ZNF211,4,166,3,61,1,105,63,2458,0.938663531256124,1,1
MA2548.1,ZNF226,0,166,0,61,0,105,7,2458,0,1,1
MA2549.1,ZNF234,0,166,0,61,0,105,1,2458,0,1,1
MA2462.1,ZNF250,3,166,1,61,2,105,57,2458,0.775266386825961,1,1
MA1592.1,ZNF274,0,166,0,61,0,105,14,2458,0,1,1
MA2550.1,ZNF275,0,166,0,61,0,105,4,2458,0,1,1
MA1154.1,ZNF282,0,166,0,61,0,105,1,2458,0,1,1
MA2551.1,ZNF286B,0,166,0,61,0,105,1,2458,0,1,1
MA1976.1,ZNF320,0,166,0,61,0,105,1,2458,0,1,1
MA1976.2,ZNF320,0,166,0,61,0,105,4,2458,0,1,1
MA1977.1,ZNF324,0,166,0,61,0,105,0,2458,,1,1
MA2511.1,ZNF335,62,166,25,61,37,105,917,2458,1.0018245113665,1,1
MA1711.1,ZNF343,0,166,0,61,0,105,1,2458,0,1,1
MA1711.2,ZNF343,0,166,0,61,0,105,1,2458,0,1,1
MA1978.2,ZNF354A,1,166,0,61,1,105,14,2458,1.05800865800866,1,1
MA2553.1,ZNF407,0,166,0,61,0,105,2,2458,0,1,1
MA0752.1,ZNF410,0,166,0,61,0,105,1,2458,0,1,1
MA1980.1,ZNF418,0,166,0,61,0,105,4,2458,0,1,1
MA1712.1,ZNF454,0,166,0,61,0,105,9,2458,0,1,1
MA2567.1,ZNF497,0,166,0,61,0,105,4,2458,0,1,1
MA1597.1,ZNF528,0,166,0,61,0,105,0,2458,,1,1
MA2518.1,ZNF551,0,166,0,61,0,105,0,2458,,1,1
MA2335.1,ZNF558,0,166,0,61,0,105,0,2458,,1,1
MA2545.1,ZNF57,0,166,0,61,0,105,2,2458,0,1,1
MA2519.1,ZNF606,0,166,0,61,0,105,10,2458,0,1,1
MA1984.2,ZNF667,8,166,4,61,4,105,117,2458,1.01309098777453,1,1
MA1714.1,ZNF675,0,166,0,61,0,105,0,2458,,1,1
MA1714.2,ZNF675,0,166,0,61,0,105,1,2458,0,1,1
MA2101.1,ZNF677,5,166,0,61,5,105,88,2458,0.836391869000565,1,1
MA1599.2,ZNF682,11,166,0,61,11,105,167,2458,0.97357542978559,1,1
MA1600.1,ZNF684,0,166,0,61,0,105,1,2458,0,1,1
MA1600.2,ZNF684,0,166,0,61,0,105,1,2458,0,1,1
MA2523.1,ZNF689,1,166,1,61,0,105,25,2458,0.589818181818182,1,1
MA2524.1,ZNF696,0,166,0,61,0,105,0,2458,,1,1
MA2525.1,ZNF699,0,166,0,61,0,105,12,2458,0,1,1
MA2565.1,ZNF70,166,166,61,61,105,105,2445,2458,Inf,1,1
MA1987.1,ZNF701,0,166,0,61,0,105,1,2458,0,1,1
MA1987.2,ZNF701,0,166,0,61,0,105,2,2458,0,1,1
MA1715.1,ZNF707,0,166,0,61,0,105,2,2458,0,1,1
MA2690.1,ZNF724,0,166,0,61,0,105,0,2458,,1,1
MA2570.1,ZNF746,44,166,25,61,19,105,657,2458,0.988646854804501,1,1
MA1716.1,ZNF76,0,166,0,61,0,105,1,2458,0,1,1
MA1716.2,ZNF76,0,166,0,61,0,105,4,2458,0,1,1
MA1731.1,ZNF768,5,166,5,61,0,105,75,2458,0.986749482401656,1,1
MA2099.1,ZNF770,141,166,50,61,91,105,2088,2458,0.999425287356322,1,1
MA2529.1,ZNF772,0,166,0,61,0,105,0,2458,,1,1
MA2530.1,ZNF773,0,166,0,61,0,105,8,2458,0,1,1
MA2531.1,ZNF775,2,166,0,61,2,105,39,2458,0.756410256410256,1,1
MA1718.1,ZNF8,1,166,1,61,0,105,23,2458,0.64163372859025,1,1
MA2571.1,ZNF800,148,166,48,61,100,105,2191,2458,1.00197778792028,1,1
MA2533.1,ZNF814,0,166,0,61,0,105,7,2458,0,1,1
MA2573.1,ZNF836,0,166,0,61,0,105,1,2458,0,1,1
MA2691.1,ZNF841,2,166,1,61,1,105,29,2458,1.02144659377628,1,1
MA2574.1,ZNF878,0,166,0,61,0,105,8,2458,0,1,1
MA2100.1,ZSCAN16,0,166,0,61,0,105,0,2458,,1,1
MA2516.1,ZSCAN2,0,166,0,61,0,105,1,2458,0,1,1
MA1722.1,ZSCAN31,0,166,0,61,0,105,0,2458,,1,1
MA1722.2,ZSCAN31,0,166,0,61,0,105,0,2458,,1,1
MA0733.1,EGR4,0,166,0,61,0,105,5,2458,0,1,1
MA1538.1,NR2F1,0,166,0,61,0,105,5,2458,0,1,1
MA0069.1,PAX6,0,166,0,61,0,105,5,2458,0,1,1
MA0159.1,RARA::RXRA,0,166,0,61,0,105,5,2458,0,1,1
MA0138.1,REST,0,166,0,61,0,105,5,2458,0,1,1
MA0855.1,RXRB,0,166,0,61,0,105,5,2458,0,1,1
MA1154.2,ZNF282,0,166,0,61,0,105,5,2458,0,1,1
MA1985.1,ZNF669,0,166,0,61,0,105,5,2458,0,1,1
MA2590.1,ZNF841,0,166,0,61,0,105,5,2458,0,1,1
